time,round
2026-03-31 15:36:45.736649,1774971300
2026-03-31 15:43:41.489247,1774971600
2026-03-31 15:47:39.653616,1774971900
2026-03-31 15:54:09.591290,1774972200
2026-03-31 16:01:27.360380,1774972800
2026-03-31 16:10:39.283821,1774973400
2026-03-31 16:14:13.427666,1774973400
2026-03-31 16:33:08.386864,1774974600
2026-03-31 17:01:49.859854,1774976400
2026-03-31 18:04:27.533789,1774980000
2026-03-31 19:18:25.932956,1774984500
2026-03-31 20:03:41.044279,1774987200
2026-03-31 20:56:29.096605,1774990500
2026-03-31 21:50:46.255314,1774993800
2026-03-31 22:27:12.456704,1774995900
2026-03-31 23:02:44.992278,1774998000
2026-03-31 23:47:39.317453,1775000700
2026-04-01 01:11:35.096075,1775005800
2026-04-01 04:22:32.590700,1775017200
2026-04-01 06:11:00.552737,1775023800
2026-04-01 07:55:47.352404,1775030100
2026-04-01 09:15:45.658188,1775034900
2026-04-01 10:31:30.751376,1775039400
2026-04-01 11:32:52.637417,1775043000
2026-04-01 12:39:43.878547,1775046900
2026-04-01 14:18:35.585080,1775052900
2026-04-01 15:48:12.732902,1775058300
2026-04-01 16:41:50.440153,1775061600
2026-04-01 17:38:26.488931,1775064900
2026-04-01 18:38:58.001261,1775068500
2026-04-01 19:45:11.682753,1775072700
2026-04-01 20:30:36.047479,1775075400
2026-04-01 21:24:43.789460,1775078400
2026-04-01 22:04:41.001426,1775080800
2026-04-01 22:56:38.669563,1775084100
2026-04-01 23:45:06.770092,1775087100
2026-04-02 01:00:03.158770,1775091600
2026-04-02 03:50:12.193204,1775101800
2026-04-02 05:28:20.446511,1775107500
2026-04-02 06:52:08.255892,1775112600
2026-04-02 08:04:16.576945,1775116800
2026-04-02 09:13:31.407512,1775121000
2026-04-02 10:14:25.891107,1775124600
2026-04-02 11:12:51.441459,1775128200
2026-04-02 12:00:55.391867,1775131200
2026-04-02 13:51:50.491821,1775137800
2026-04-02 14:51:11.136525,1775141400
2026-04-02 15:55:16.205647,1775145300
2026-04-02 17:00:42.018562,1775149200
2026-04-02 17:57:28.487453,1775152500
2026-04-02 19:09:37.357833,1775156700
2026-04-02 19:57:55.809649,1775159700
2026-04-02 20:47:41.043545,1775162700
2026-04-02 21:24:12.561346,1775164800
2026-04-02 22:02:03.396496,1775167200
2026-04-02 22:48:20.650852,1775169900
2026-04-02 23:21:32.209584,1775172000
2026-04-02 23:56:35.157353,1775174100
2026-04-03 03:19:32.957862,1775186100
2026-04-03 05:18:48.605968,1775193300
2026-04-03 06:42:05.674978,1775198400
2026-04-03 07:49:08.326156,1775202300
2026-04-03 08:39:22.955431,1775205300
2026-04-03 09:39:03.720481,1775208900
2026-04-03 10:28:18.139027,1775211900
2026-04-03 11:23:14.954129,1775215200
2026-04-03 12:00:32.247371,1775217600
2026-04-03 13:36:20.150350,1775223300
2026-04-03 14:26:52.648684,1775226300
2026-04-03 15:11:51.221703,1775229000
2026-04-03 15:55:47.876541,1775231700
2026-04-03 16:51:18.079710,1775235000
2026-04-03 17:29:21.793696,1775237100
2026-04-03 18:04:23.855197,1775239200
2026-04-03 19:03:45.088590,1775242800
2026-04-03 19:51:19.375307,1775245800
2026-04-03 20:29:49.391510,1775247900
2026-04-03 21:05:04.576511,1775250300
2026-04-03 21:48:34.700855,1775252700
2026-04-03 22:19:03.715631,1775254500
2026-04-03 22:57:50.770832,1775256900
2026-04-03 23:44:17.244312,1775259600
2026-04-04 00:57:21.495495,1775264100
2026-04-04 03:38:32.543505,1775273700
2026-04-04 05:13:01.376961,1775279400
2026-04-04 06:14:33.208782,1775283000
2026-04-04 07:30:34.835000,1775287800
2026-04-04 08:05:42.936225,1775289900
2026-04-04 08:58:27.256983,1775292900
2026-04-04 09:50:38.890380,1775296200
2026-04-04 10:25:41.089197,1775298300
2026-04-04 11:01:50.228091,1775300400
2026-04-04 11:38:59.132821,1775302500
2026-04-04 11:59:41.727844,1775303700
2026-04-04 13:17:26.374211,1775308500
2026-04-04 14:03:17.183445,1775311200
2026-04-04 14:49:43.100683,1775313900
2026-04-04 15:21:57.738243,1775316000
2026-04-04 15:53:36.960112,1775317800
2026-04-04 16:36:47.779598,1775320500
2026-04-04 17:05:26.325519,1775322300
2026-04-04 17:47:10.177272,1775324700
2026-04-04 18:22:07.999817,1775326800
2026-04-04 19:07:56.234611,1775329500
2026-04-04 19:45:46.249093,1775331900
2026-04-04 20:15:33.717672,1775333700
2026-04-04 20:52:50.296733,1775335800
2026-04-04 21:29:26.786337,1775337900
2026-04-04 21:57:28.847851,1775339700
2026-04-04 22:40:38.277812,1775342400
2026-04-04 23:04:45.509241,1775343600
2026-04-04 23:45:12.387504,1775346300
2026-04-05 01:05:53.934691,1775351100
2026-04-05 04:09:52.292792,1775361900
2026-04-05 05:54:28.604495,1775368200
2026-04-05 07:10:59.255242,1775373000
2026-04-05 08:01:58.902964,1775376000
2026-04-05 08:58:11.204070,1775379300
2026-04-05 09:51:31.996714,1775382600
2026-04-05 10:28:33.683544,1775384700
2026-04-05 11:03:47.981589,1775386800
2026-04-05 11:42:15.027464,1775389200
2026-04-05 12:02:10.798583,1775390400
2026-04-05 13:19:47.572634,1775394900
2026-04-05 14:04:21.101910,1775397600
2026-04-05 14:52:21.560885,1775400600
2026-04-05 15:29:29.315839,1775402700
2026-04-05 15:59:36.952154,1775404500
2026-04-05 16:50:34.777242,1775407800
2026-04-05 17:23:13.795479,1775409600
2026-04-05 17:56:51.935739,1775411700
2026-04-05 18:58:25.282300,1775415300
2026-04-05 19:40:58.363010,1775418000
2026-04-05 20:02:11.762694,1775419200
2026-04-05 20:49:04.975067,1775421900
2026-04-05 21:20:20.455807,1775424000
2026-04-05 21:53:07.935270,1775425800
2026-04-05 22:30:03.416734,1775428200
2026-04-05 23:02:42.948678,1775430000
2026-04-05 23:47:41.295112,1775432700
2026-04-06 01:07:04.841501,1775437500
2026-04-06 04:16:46.262642,1775448900
2026-04-06 06:12:47.723650,1775455800
2026-04-06 08:04:47.768397,1775462400
2026-04-06 09:23:10.308904,1775467200
2026-04-06 10:37:03.078387,1775471700
2026-04-06 11:34:27.298028,1775475000
2026-04-06 12:34:24.148136,1775478600
2026-04-06 13:56:32.972730,1775483700
2026-04-06 14:58:16.312455,1775487300
2026-04-06 15:57:33.035386,1775490900
2026-04-06 17:00:03.367840,1775494800
2026-04-06 17:58:35.473357,1775498100
2026-04-06 19:14:37.589287,1775502600
2026-04-06 20:00:55.020167,1775505600
2026-04-06 20:51:22.920764,1775508600
2026-04-06 21:32:51.825352,1775511000
2026-04-06 22:03:44.336910,1775512800
2026-04-06 22:54:14.031613,1775515800
2026-04-06 23:38:27.805115,1775518500
2026-04-07 00:06:17.494627,1775520300
2026-04-07 03:29:50.831482,1775532300
2026-04-07 05:28:38.290620,1775539500
2026-04-07 06:54:58.102094,1775544600
2026-04-07 08:15:27.936068,1775549700
2026-04-07 09:38:43.694933,1775554500
2026-04-07 10:41:46.088702,1775558400
2026-04-07 11:40:54.741722,1775562000
2026-04-07 12:45:29.131749,1775565900
2026-04-07 14:21:53.824654,1775571600
2026-04-07 15:53:27.107795,1775577000
2026-04-07 16:59:12.480834,1775580900
2026-04-07 18:05:09.828319,1775585100
2026-04-07 19:21:13.976325,1775589600
2026-04-07 20:05:16.005092,1775592300
2026-04-07 21:02:19.126896,1775595600
2026-04-07 21:54:59.763174,1775598600
2026-04-07 22:42:06.536127,1775601600
2026-04-07 23:24:49.827397,1775604000
2026-04-08 00:03:49.742836,1775606400
2026-04-08 03:30:17.411704,1775619000
2026-04-08 05:29:06.062008,1775625900
2026-04-08 06:58:26.434394,1775631300
2026-04-08 08:17:25.163234,1775636100
2026-04-08 09:39:13.237444,1775640900
2026-04-08 10:43:58.212038,1775644800
2026-04-08 11:42:15.728167,1775648400
2026-04-08 12:45:40.077902,1775652300
2026-04-08 14:24:00.875259,1775658000
2026-04-08 15:57:15.688039,1775663700
2026-04-08 17:16:47.457722,1775668500
2026-04-08 18:43:56.768958,1775673600
2026-04-08 19:50:25.121662,1775677800
2026-04-08 20:35:04.651158,1775680500
2026-04-08 21:28:28.879213,1775683500
2026-04-08 22:09:47.555289,1775685900
2026-04-08 23:01:52.659256,1775689200
2026-04-08 23:51:08.080822,1775692200
2026-04-09 01:30:02.070399,1775698200
2026-04-09 04:17:27.456682,1775708100
2026-04-09 06:00:10.359070,1775714400
2026-04-09 07:52:45.304286,1775721000
2026-04-09 09:05:13.506755,1775725500
2026-04-09 10:20:57.025163,1775730000
2026-04-09 11:30:20.516897,1775734200
2026-04-09 12:43:04.921850,1775738400
2026-04-09 14:30:43.191829,1775745000
2026-04-09 16:06:28.364631,1775750700
2026-04-09 17:21:41.053306,1775755200
2026-04-09 18:32:49.089956,1775759400
2026-04-09 19:47:53.588684,1775763900
2026-04-09 20:37:09.760865,1775766900
2026-04-09 21:31:58.076263,1775770200
2026-04-09 22:23:07.821902,1775773200
2026-04-09 23:08:51.222823,1775775900
2026-04-09 23:54:02.806253,1775778600
2026-04-10 02:39:36.311516,1775788500
2026-04-10 05:14:46.377131,1775797800
2026-04-10 07:03:08.129674,1775804400
2026-04-10 08:44:22.785380,1775810400
2026-04-10 09:55:29.705459,1775814900
2026-04-10 11:01:22.847200,1775818800
2026-04-10 11:57:31.967930,1775822100
2026-04-10 13:42:39.351684,1775828400
2026-04-10 14:38:42.468199,1775831700
2026-04-10 15:35:33.365152,1775835300
2026-04-10 16:34:06.737885,1775838600
2026-04-10 17:31:39.224973,1775842200
2026-04-10 18:31:20.097179,1775845800
2026-04-10 19:29:43.312642,1775849100
2026-04-10 20:05:02.920784,1775851500
2026-04-10 20:54:42.983409,1775854200
2026-04-10 21:41:25.799860,1775857200
2026-04-10 22:20:38.694831,1775859600
2026-04-10 23:01:49.327059,1775862000
2026-04-10 23:49:49.748385,1775864700
2026-04-11 01:17:18.675366,1775870100
2026-04-11 03:56:03.927556,1775879700
2026-04-11 05:27:26.881954,1775885100
2026-04-11 06:40:30.346089,1775889600
2026-04-11 07:39:09.303766,1775892900
2026-04-11 08:25:53.531039,1775895900
2026-04-11 09:09:48.550024,1775898300
2026-04-11 09:58:23.831866,1775901300
2026-04-11 10:48:46.031083,1775904300
2026-04-11 11:19:47.767129,1775906100
2026-04-11 11:50:43.781414,1775908200
2026-04-11 12:38:55.378016,1775910900
2026-04-11 13:42:31.613846,1775914800
2026-04-11 14:24:10.473627,1775917200
2026-04-11 15:02:42.572331,1775919600
2026-04-11 15:46:41.318120,1775922300
2026-04-11 16:20:06.575627,1775924400
2026-04-11 17:01:34.771055,1775926800
2026-04-11 17:47:09.283895,1775929500
2026-04-11 18:23:29.130410,1775931600
2026-04-11 19:11:22.701682,1775934600
2026-04-11 19:51:18.408585,1775937000
2026-04-11 20:25:52.682755,1775939100
2026-04-11 21:01:07.106295,1775941200
2026-04-11 21:46:06.483052,1775943900
2026-04-11 22:16:01.367494,1775945700
2026-04-11 22:55:57.293897,1775948100
2026-04-11 23:41:56.941103,1775950800
2026-04-12 01:08:16.300491,1775955900
2026-04-12 04:20:36.353383,1775967600
2026-04-12 06:08:24.701281,1775973900
2026-04-12 07:44:38.300858,1775979600
2026-04-12 08:33:05.649136,1775982600
2026-04-12 09:29:17.996926,1775985900
2026-04-12 10:10:36.868362,1775988600
2026-04-12 11:01:22.930547,1775991600
2026-04-12 11:46:17.857528,1775994300
2026-04-12 12:28:59.862348,1775996700
2026-04-12 13:43:36.784394,1776001200
2026-04-12 14:28:52.085758,1776003900
2026-04-12 15:09:21.298465,1776006300
2026-04-12 15:52:51.921829,1776009000
2026-04-12 16:37:04.677088,1776011700
2026-04-12 17:19:45.658677,1776014100
2026-04-12 17:57:18.207612,1776016500
2026-04-12 19:02:50.691676,1776020400
2026-04-12 19:49:36.757310,1776023100
2026-04-12 20:23:20.683113,1776025200
2026-04-12 21:01:54.211319,1776027600
2026-04-12 21:48:40.606835,1776030300
2026-04-12 22:19:37.905951,1776032100
2026-04-12 23:00:18.695402,1776034800
2026-04-12 23:48:24.825597,1776037500
2026-04-13 01:12:54.649011,1776042600
2026-04-13 04:31:58.362864,1776054600
2026-04-13 06:34:17.943258,1776061800
2026-04-13 08:34:34.325343,1776069000
2026-04-13 10:21:12.848739,1776075600
2026-04-13 11:48:36.092546,1776080700
2026-04-13 12:52:52.029469,1776084600
2026-04-13 14:47:12.829147,1776091500
2026-04-13 16:02:47.249768,1776096000
2026-04-13 17:17:40.586830,1776100500
2026-04-13 18:42:59.614636,1776105600
2026-04-13 19:54:57.297297,1776109800
2026-04-13 20:59:44.501413,1776113700
2026-04-13 22:56:19.420889,1776120900
2026-04-13 23:53:04.497547,1776124200
2026-04-14 02:28:05.122489,1776133500
2026-04-14 05:11:19.821709,1776143400
2026-04-14 07:02:39.536362,1776150000
2026-04-14 08:51:42.893949,1776156600
2026-04-14 10:12:23.598442,1776161400
2026-04-14 11:31:14.433340,1776166200
2026-04-14 12:42:19.065028,1776170400
2026-04-14 14:26:42.498039,1776176700
2026-04-14 15:51:36.309116,1776181800
2026-04-14 17:00:28.054897,1776186000
2026-04-14 18:15:35.988094,1776190500
2026-04-14 19:45:28.734652,1776195900
2026-04-14 20:37:40.444325,1776198900
2026-04-14 21:34:28.090139,1776202200
2026-04-14 22:28:11.046866,1776205500
2026-04-14 23:26:19.557961,1776209100
2026-04-15 00:09:08.257072,1776211500
2026-04-15 03:41:43.174653,1776224400
2026-04-15 05:51:49.029802,1776232200
2026-04-15 07:24:50.448667,1776237600
2026-04-15 09:04:44.896667,1776243600
2026-04-15 10:37:44.047685,1776249300
2026-04-15 11:39:37.804220,1776252900
2026-04-15 12:46:24.924154,1776257100
2026-04-15 14:22:09.225949,1776262800
2026-04-15 15:46:00.061636,1776267900
2026-04-15 16:46:33.158641,1776271500
2026-04-15 17:55:22.534824,1776275700
2026-04-15 19:25:04.992338,1776281100
2026-04-15 20:27:02.075525,1776284700
2026-04-15 21:29:47.256179,1776288300
2026-04-15 22:23:41.354569,1776291600
2026-04-15 23:10:24.680307,1776294600
2026-04-16 00:00:45.683300,1776297600
2026-04-16 03:42:28.883736,1776310800
2026-04-16 05:52:19.623420,1776318600
2026-04-16 07:27:01.948735,1776324300
2026-04-16 09:04:34.470962,1776330000
2026-04-16 10:39:49.635608,1776335700
2026-04-16 11:42:54.025696,1776339600
2026-04-16 12:54:13.026888,1776343800
2026-04-16 14:57:59.022454,1776351300
2026-04-16 16:44:10.663652,1776357600
2026-04-16 17:59:25.287721,1776362100
2026-04-16 19:35:14.560378,1776368100
2026-04-16 20:28:27.599380,1776371100
2026-04-16 21:23:56.696650,1776374400
2026-04-16 22:07:11.044514,1776377100
2026-04-16 23:02:03.473820,1776380400
2026-04-16 23:54:58.985539,1776383400
2026-04-17 02:54:14.795879,1776394200
2026-04-17 05:29:55.267876,1776403500
2026-04-17 07:11:06.108332,1776409800
2026-04-17 08:56:42.793122,1776416100
2026-04-17 10:20:16.348041,1776421200
2026-04-17 11:27:50.561379,1776425100
2026-04-17 12:38:13.035364,1776429300
2026-04-17 14:07:38.871015,1776434700
2026-04-17 15:15:27.132629,1776438900
2026-04-17 16:16:00.908378,1776442500
2026-04-17 17:14:59.993952,1776445800
2026-04-17 18:08:41.525825,1776449100
2026-04-17 19:32:10.446837,1776454200
2026-04-17 20:23:54.724016,1776457200
2026-04-17 21:09:56.073214,1776459900
2026-04-17 22:02:18.605037,1776463200
2026-04-17 22:58:14.303493,1776466500
2026-04-17 23:51:13.594894,1776469800
2026-04-18 01:49:47.878840,1776476700
2026-04-18 04:23:47.742594,1776486000
2026-04-18 05:56:38.941293,1776491700
2026-04-18 07:22:10.435742,1776496800
2026-04-18 08:07:55.312260,1776499500
2026-04-18 09:05:16.463650,1776503100
2026-04-18 10:00:09.304659,1776506400
2026-04-18 10:55:12.406291,1776509700
2026-04-18 11:38:31.067944,1776512100
2026-04-18 12:04:20.684669,1776513600
2026-04-18 13:34:21.387266,1776519000
2026-04-18 14:23:25.090361,1776522000
2026-04-18 15:05:58.984972,1776524700
2026-04-18 15:52:42.410709,1776527400
2026-04-18 16:38:08.799702,1776530100
2026-04-18 17:22:10.002310,1776532800
2026-04-18 18:00:44.746304,1776535200
2026-04-18 19:06:11.512016,1776539100
2026-04-18 19:52:03.087785,1776541800
2026-04-18 20:31:47.221900,1776544200
2026-04-18 21:05:21.128101,1776546300
2026-04-18 21:50:19.325167,1776549000
2026-04-18 22:25:16.373031,1776551100
2026-04-18 23:04:33.817265,1776553200
2026-04-18 23:49:53.606247,1776555900
2026-04-19 01:30:34.516103,1776562200
2026-04-19 04:38:14.536012,1776573300
2026-04-19 06:20:14.475828,1776579600
2026-04-19 07:52:24.764448,1776585000
2026-04-19 08:51:09.405507,1776588600
2026-04-19 09:40:42.304491,1776591600
2026-04-19 10:25:32.133461,1776594300
2026-04-19 11:09:08.928711,1776596700
2026-04-19 11:50:52.156571,1776599400
2026-04-19 12:42:21.954379,1776602400
2026-04-19 13:48:19.159716,1776606300
2026-04-19 14:30:50.168952,1776609000
2026-04-19 15:21:56.379739,1776612000
2026-04-19 15:59:53.391229,1776614100
2026-04-19 16:54:47.245117,1776617400
2026-04-19 17:38:45.969786,1776620100
2026-04-19 18:25:27.014356,1776623100
2026-04-19 19:24:33.459290,1776626400
2026-04-19 20:00:45.711070,1776628800
2026-04-19 20:51:20.128326,1776631800
2026-04-19 21:29:46.300622,1776633900
2026-04-19 22:03:11.706891,1776636000
2026-04-19 22:53:53.476080,1776639000
2026-04-19 23:38:16.405965,1776641700
2026-04-20 01:10:10.787255,1776647400
2026-04-20 04:30:37.378890,1776659400
2026-04-20 06:34:51.866906,1776666600
2026-04-20 08:59:52.252686,1776675300
2026-04-20 10:56:36.124367,1776682500
2026-04-20 12:10:10.079031,1776687000
2026-04-20 14:14:13.374131,1776694200
2026-04-20 15:47:30.494457,1776699900
2026-04-20 16:49:40.638973,1776703500
2026-04-20 17:49:42.309758,1776707100
2026-04-20 18:53:58.707746,1776711000
2026-04-20 19:59:40.847599,1776714900
2026-04-20 20:58:58.104245,1776718500
2026-04-20 21:57:11.490804,1776722100
2026-04-20 22:55:53.439185,1776725700
2026-04-20 23:52:18.570544,1776729000
2026-04-21 02:12:59.636307,1776737400
2026-04-21 05:11:01.507200,1776748200
2026-04-21 07:06:24.424564,1776755100
2026-04-21 09:01:15.614115,1776762000
2026-04-21 10:40:48.086104,1776768000
2026-04-21 11:46:25.484433,1776771900
2026-04-21 12:50:57.113418,1776775800
2026-04-21 14:44:31.783709,1776782400
2026-04-21 16:00:01.451552,1776787200
2026-04-21 17:13:48.400417,1776791400
2026-04-21 18:14:59.710185,1776795000
2026-04-21 19:41:22.986165,1776800400
2026-04-21 20:34:40.070792,1776803400
2026-04-21 21:28:40.065955,1776806700
2026-04-21 22:23:03.581252,1776810000
2026-04-21 23:06:51.176163,1776812700
2026-04-21 23:51:17.677244,1776815400
2026-04-22 01:56:22.105136,1776822900
2026-04-22 04:51:46.700976,1776833400
2026-04-22 06:56:00.376058,1776840900
2026-04-22 08:52:05.067686,1776847800
2026-04-22 10:17:06.291161,1776852900
2026-04-22 11:35:05.873135,1776857700
2026-04-22 12:43:37.246266,1776861600
2026-04-22 14:25:01.992759,1776867900
2026-04-22 15:51:26.662095,1776873000
2026-04-22 16:53:08.939791,1776876600
2026-04-22 17:59:34.653919,1776880500
2026-04-22 19:36:57.822276,1776886500
2026-04-22 20:34:29.536660,1776889800
2026-04-22 21:33:58.414998,1776893400
2026-04-22 22:28:42.227365,1776896700
2026-04-22 23:28:49.134012,1776900300
2026-04-23 01:10:57.343978,1776906600
2026-04-23 04:23:20.343930,1776918000
2026-04-23 06:23:17.766772,1776925200
2026-04-23 08:19:10.567166,1776932100
2026-04-23 10:01:10.187335,1776938400
2026-04-23 11:20:23.780291,1776943200
2026-04-23 12:13:14.226571,1776946200
2026-04-23 14:14:57.407335,1776953400
2026-04-23 16:13:01.416345,1776960600
2026-04-23 17:48:59.123168,1776966300
2026-04-23 18:51:15.714701,1776970200
2026-04-23 20:03:04.037428,1776974400
2026-04-23 21:04:51.115956,1776978000
2026-04-23 21:59:40.679329,1776981300
2026-04-23 23:00:12.315372,1776985200
2026-04-23 23:57:40.058870,1776988500
2026-04-24 03:41:03.585935,1777002000
2026-04-24 05:58:02.082740,1777010100
2026-04-24 08:17:35.648876,1777018500
2026-04-24 09:57:54.534465,1777024500
2026-04-24 11:16:17.692815,1777029300
2026-04-24 12:10:16.621207,1777032600
2026-04-24 14:09:00.004423,1777039500
2026-04-24 15:38:15.860040,1777044900
2026-04-24 16:39:22.926042,1777048500
2026-04-24 17:38:35.595432,1777052100
2026-04-24 18:30:26.529702,1777055400
2026-04-24 19:34:21.189459,1777059000
2026-04-24 20:27:45.480157,1777062300
2026-04-24 21:27:57.800972,1777065900
2026-04-24 22:23:19.564987,1777069200
2026-04-24 23:07:05.857642,1777071900
2026-04-24 23:55:01.220468,1777074900
2026-04-25 02:47:30.941496,1777085100
2026-04-25 05:03:31.035963,1777093200
2026-04-25 06:44:19.562501,1777099200
2026-04-25 07:56:06.156823,1777103700
2026-04-25 09:02:55.180162,1777107600
2026-04-25 10:01:06.591435,1777111200
2026-04-25 10:58:55.474946,1777114500
2026-04-25 11:48:33.001972,1777117500
2026-04-25 12:32:28.715024,1777120200
2026-04-25 13:48:18.515122,1777124700
2026-04-25 14:33:27.948655,1777127400
2026-04-25 15:24:16.986801,1777130400
2026-04-25 16:06:08.393313,1777133100
2026-04-25 17:00:57.466119,1777136400
2026-04-25 17:53:27.421214,1777139400
2026-04-25 18:53:03.122999,1777143000
2026-04-25 19:42:52.596751,1777146000
2026-04-25 20:22:20.615920,1777148400
2026-04-25 21:03:28.416407,1777150800
2026-04-25 21:50:46.171564,1777153800
2026-04-25 22:28:44.213575,1777155900
2026-04-25 23:08:42.122794,1777158300
2026-04-25 23:55:02.748213,1777161300
2026-04-26 03:26:08.267530,1777173900
2026-04-26 05:56:26.701568,1777182900
2026-04-26 07:49:17.982454,1777189500
2026-04-26 08:48:00.443256,1777193100
2026-04-26 09:40:44.867046,1777196400
2026-04-26 10:31:06.468597,1777199400
2026-04-26 11:24:33.890894,1777202400
2026-04-26 12:05:05.871795,1777205100
2026-04-26 13:39:44.804640,1777210500
2026-04-26 14:29:25.058818,1777213500
2026-04-26 15:24:20.893989,1777216800
2026-04-26 16:07:05.718675,1777219500
2026-04-26 17:02:08.992825,1777222800
2026-04-26 17:55:05.780843,1777226100
2026-04-26 19:01:38.120623,1777230000
2026-04-26 19:52:00.375414,1777233000
2026-04-26 20:34:38.815001,1777235400
2026-04-26 21:20:09.574272,1777238400
2026-04-26 21:59:15.656142,1777240500
2026-04-26 22:53:04.733631,1777243800
2026-04-26 23:37:44.976662,1777246500
2026-04-27 01:15:10.803359,1777252500
2026-04-27 04:43:48.935071,1777264800
2026-04-27 07:27:41.614316,1777274700
2026-04-27 09:40:16.512577,1777282800
2026-04-27 11:27:55.125375,1777289100
2026-04-27 13:07:35.303499,1777295100
2026-04-27 15:19:37.526099,1777302900
2026-04-27 17:00:29.517370,1777309200
