time,round
2026-03-31 15:36:45.736649,1774971300
2026-03-31 15:43:41.489247,1774971600
2026-03-31 15:47:39.653616,1774971900
2026-03-31 15:54:09.591290,1774972200
2026-03-31 16:01:27.360380,1774972800
2026-03-31 16:10:39.283821,1774973400
2026-03-31 16:14:13.427666,1774973400
2026-03-31 16:33:08.386864,1774974600
2026-03-31 17:01:49.859854,1774976400
2026-03-31 18:04:27.533789,1774980000
2026-03-31 19:18:25.932956,1774984500
2026-03-31 20:03:41.044279,1774987200
2026-03-31 20:56:29.096605,1774990500
2026-03-31 21:50:46.255314,1774993800
2026-03-31 22:27:12.456704,1774995900
2026-03-31 23:02:44.992278,1774998000
2026-03-31 23:47:39.317453,1775000700
2026-04-01 01:11:35.096075,1775005800
2026-04-01 04:22:32.590700,1775017200
2026-04-01 06:11:00.552737,1775023800
2026-04-01 07:55:47.352404,1775030100
2026-04-01 09:15:45.658188,1775034900
2026-04-01 10:31:30.751376,1775039400
2026-04-01 11:32:52.637417,1775043000
2026-04-01 12:39:43.878547,1775046900
2026-04-01 14:18:35.585080,1775052900
2026-04-01 15:48:12.732902,1775058300
2026-04-01 16:41:50.440153,1775061600
2026-04-01 17:38:26.488931,1775064900
2026-04-01 18:38:58.001261,1775068500
2026-04-01 19:45:11.682753,1775072700
2026-04-01 20:30:36.047479,1775075400
2026-04-01 21:24:43.789460,1775078400
2026-04-01 22:04:41.001426,1775080800
2026-04-01 22:56:38.669563,1775084100
2026-04-01 23:45:06.770092,1775087100
2026-04-02 01:00:03.158770,1775091600
2026-04-02 03:50:12.193204,1775101800
2026-04-02 05:28:20.446511,1775107500
2026-04-02 06:52:08.255892,1775112600
2026-04-02 08:04:16.576945,1775116800
2026-04-02 09:13:31.407512,1775121000
2026-04-02 10:14:25.891107,1775124600
2026-04-02 11:12:51.441459,1775128200
2026-04-02 12:00:55.391867,1775131200
2026-04-02 13:51:50.491821,1775137800
2026-04-02 14:51:11.136525,1775141400
2026-04-02 15:55:16.205647,1775145300
2026-04-02 17:00:42.018562,1775149200
2026-04-02 17:57:28.487453,1775152500
2026-04-02 19:09:37.357833,1775156700
2026-04-02 19:57:55.809649,1775159700
2026-04-02 20:47:41.043545,1775162700
2026-04-02 21:24:12.561346,1775164800
2026-04-02 22:02:03.396496,1775167200
2026-04-02 22:48:20.650852,1775169900
2026-04-02 23:21:32.209584,1775172000
2026-04-02 23:56:35.157353,1775174100
2026-04-03 03:19:32.957862,1775186100
2026-04-03 05:18:48.605968,1775193300
2026-04-03 06:42:05.674978,1775198400
2026-04-03 07:49:08.326156,1775202300
2026-04-03 08:39:22.955431,1775205300
2026-04-03 09:39:03.720481,1775208900
2026-04-03 10:28:18.139027,1775211900
2026-04-03 11:23:14.954129,1775215200
2026-04-03 12:00:32.247371,1775217600
2026-04-03 13:36:20.150350,1775223300
2026-04-03 14:26:52.648684,1775226300
2026-04-03 15:11:51.221703,1775229000
2026-04-03 15:55:47.876541,1775231700
2026-04-03 16:51:18.079710,1775235000
2026-04-03 17:29:21.793696,1775237100
2026-04-03 18:04:23.855197,1775239200
2026-04-03 19:03:45.088590,1775242800
2026-04-03 19:51:19.375307,1775245800
2026-04-03 20:29:49.391510,1775247900
2026-04-03 21:05:04.576511,1775250300
2026-04-03 21:48:34.700855,1775252700
2026-04-03 22:19:03.715631,1775254500
2026-04-03 22:57:50.770832,1775256900
2026-04-03 23:44:17.244312,1775259600
2026-04-04 00:57:21.495495,1775264100
2026-04-04 03:38:32.543505,1775273700
2026-04-04 05:13:01.376961,1775279400
2026-04-04 06:14:33.208782,1775283000
2026-04-04 07:30:34.835000,1775287800
2026-04-04 08:05:42.936225,1775289900
2026-04-04 08:58:27.256983,1775292900
2026-04-04 09:50:38.890380,1775296200
2026-04-04 10:25:41.089197,1775298300
2026-04-04 11:01:50.228091,1775300400
2026-04-04 11:38:59.132821,1775302500
2026-04-04 11:59:41.727844,1775303700
2026-04-04 13:17:26.374211,1775308500
2026-04-04 14:03:17.183445,1775311200
2026-04-04 14:49:43.100683,1775313900
2026-04-04 15:21:57.738243,1775316000
2026-04-04 15:53:36.960112,1775317800
2026-04-04 16:36:47.779598,1775320500
2026-04-04 17:05:26.325519,1775322300
2026-04-04 17:47:10.177272,1775324700
2026-04-04 18:22:07.999817,1775326800
2026-04-04 19:07:56.234611,1775329500
2026-04-04 19:45:46.249093,1775331900
2026-04-04 20:15:33.717672,1775333700
2026-04-04 20:52:50.296733,1775335800
2026-04-04 21:29:26.786337,1775337900
2026-04-04 21:57:28.847851,1775339700
2026-04-04 22:40:38.277812,1775342400
2026-04-04 23:04:45.509241,1775343600
2026-04-04 23:45:12.387504,1775346300
2026-04-05 01:05:53.934691,1775351100
2026-04-05 04:09:52.292792,1775361900
2026-04-05 05:54:28.604495,1775368200
2026-04-05 07:10:59.255242,1775373000
2026-04-05 08:01:58.902964,1775376000
2026-04-05 08:58:11.204070,1775379300
2026-04-05 09:51:31.996714,1775382600
2026-04-05 10:28:33.683544,1775384700
2026-04-05 11:03:47.981589,1775386800
2026-04-05 11:42:15.027464,1775389200
2026-04-05 12:02:10.798583,1775390400
2026-04-05 13:19:47.572634,1775394900
2026-04-05 14:04:21.101910,1775397600
2026-04-05 14:52:21.560885,1775400600
2026-04-05 15:29:29.315839,1775402700
2026-04-05 15:59:36.952154,1775404500
2026-04-05 16:50:34.777242,1775407800
2026-04-05 17:23:13.795479,1775409600
2026-04-05 17:56:51.935739,1775411700
2026-04-05 18:58:25.282300,1775415300
2026-04-05 19:40:58.363010,1775418000
2026-04-05 20:02:11.762694,1775419200
2026-04-05 20:49:04.975067,1775421900
2026-04-05 21:20:20.455807,1775424000
2026-04-05 21:53:07.935270,1775425800
2026-04-05 22:30:03.416734,1775428200
2026-04-05 23:02:42.948678,1775430000
2026-04-05 23:47:41.295112,1775432700
2026-04-06 01:07:04.841501,1775437500
2026-04-06 04:16:46.262642,1775448900
2026-04-06 06:12:47.723650,1775455800
2026-04-06 08:04:47.768397,1775462400
2026-04-06 09:23:10.308904,1775467200
2026-04-06 10:37:03.078387,1775471700
2026-04-06 11:34:27.298028,1775475000
2026-04-06 12:34:24.148136,1775478600
2026-04-06 13:56:32.972730,1775483700
2026-04-06 14:58:16.312455,1775487300
2026-04-06 15:57:33.035386,1775490900
2026-04-06 17:00:03.367840,1775494800
2026-04-06 17:58:35.473357,1775498100
2026-04-06 19:14:37.589287,1775502600
2026-04-06 20:00:55.020167,1775505600
2026-04-06 20:51:22.920764,1775508600
2026-04-06 21:32:51.825352,1775511000
2026-04-06 22:03:44.336910,1775512800
2026-04-06 22:54:14.031613,1775515800
2026-04-06 23:38:27.805115,1775518500
2026-04-07 00:06:17.494627,1775520300
2026-04-07 03:29:50.831482,1775532300
2026-04-07 05:28:38.290620,1775539500
2026-04-07 06:54:58.102094,1775544600
2026-04-07 08:15:27.936068,1775549700
2026-04-07 09:38:43.694933,1775554500
2026-04-07 10:41:46.088702,1775558400
2026-04-07 11:40:54.741722,1775562000
2026-04-07 12:45:29.131749,1775565900
2026-04-07 14:21:53.824654,1775571600
2026-04-07 15:53:27.107795,1775577000
2026-04-07 16:59:12.480834,1775580900
2026-04-07 18:05:09.828319,1775585100
2026-04-07 19:21:13.976325,1775589600
2026-04-07 20:05:16.005092,1775592300
2026-04-07 21:02:19.126896,1775595600
2026-04-07 21:54:59.763174,1775598600
2026-04-07 22:42:06.536127,1775601600
2026-04-07 23:24:49.827397,1775604000
2026-04-08 00:03:49.742836,1775606400
2026-04-08 03:30:17.411704,1775619000
2026-04-08 05:29:06.062008,1775625900
2026-04-08 06:58:26.434394,1775631300
2026-04-08 08:17:25.163234,1775636100
2026-04-08 09:39:13.237444,1775640900
2026-04-08 10:43:58.212038,1775644800
2026-04-08 11:42:15.728167,1775648400
2026-04-08 12:45:40.077902,1775652300
2026-04-08 14:24:00.875259,1775658000
2026-04-08 15:57:15.688039,1775663700
2026-04-08 17:16:47.457722,1775668500
2026-04-08 18:43:56.768958,1775673600
2026-04-08 19:50:25.121662,1775677800
2026-04-08 20:35:04.651158,1775680500
2026-04-08 21:28:28.879213,1775683500
2026-04-08 22:09:47.555289,1775685900
2026-04-08 23:01:52.659256,1775689200
2026-04-08 23:51:08.080822,1775692200
2026-04-09 01:30:02.070399,1775698200
2026-04-09 04:17:27.456682,1775708100
2026-04-09 06:00:10.359070,1775714400
2026-04-09 07:52:45.304286,1775721000
2026-04-09 09:05:13.506755,1775725500
2026-04-09 10:20:57.025163,1775730000
2026-04-09 11:30:20.516897,1775734200
2026-04-09 12:43:04.921850,1775738400
2026-04-09 14:30:43.191829,1775745000
2026-04-09 16:06:28.364631,1775750700
2026-04-09 17:21:41.053306,1775755200
2026-04-09 18:32:49.089956,1775759400
2026-04-09 19:47:53.588684,1775763900
2026-04-09 20:37:09.760865,1775766900
2026-04-09 21:31:58.076263,1775770200
2026-04-09 22:23:07.821902,1775773200
2026-04-09 23:08:51.222823,1775775900
2026-04-09 23:54:02.806253,1775778600
2026-04-10 02:39:36.311516,1775788500
2026-04-10 05:14:46.377131,1775797800
2026-04-10 07:03:08.129674,1775804400
2026-04-10 08:44:22.785380,1775810400
2026-04-10 09:55:29.705459,1775814900
2026-04-10 11:01:22.847200,1775818800
2026-04-10 11:57:31.967930,1775822100
2026-04-10 13:42:39.351684,1775828400
2026-04-10 14:38:42.468199,1775831700
2026-04-10 15:35:33.365152,1775835300
2026-04-10 16:34:06.737885,1775838600
2026-04-10 17:31:39.224973,1775842200
2026-04-10 18:31:20.097179,1775845800
2026-04-10 19:29:43.312642,1775849100
2026-04-10 20:05:02.920784,1775851500
2026-04-10 20:54:42.983409,1775854200
2026-04-10 21:41:25.799860,1775857200
2026-04-10 22:20:38.694831,1775859600
2026-04-10 23:01:49.327059,1775862000
2026-04-10 23:49:49.748385,1775864700
2026-04-11 01:17:18.675366,1775870100
2026-04-11 03:56:03.927556,1775879700
2026-04-11 05:27:26.881954,1775885100
2026-04-11 06:40:30.346089,1775889600
2026-04-11 07:39:09.303766,1775892900
2026-04-11 08:25:53.531039,1775895900
2026-04-11 09:09:48.550024,1775898300
2026-04-11 09:58:23.831866,1775901300
2026-04-11 10:48:46.031083,1775904300
2026-04-11 11:19:47.767129,1775906100
2026-04-11 11:50:43.781414,1775908200
2026-04-11 12:38:55.378016,1775910900
2026-04-11 13:42:31.613846,1775914800
2026-04-11 14:24:10.473627,1775917200
2026-04-11 15:02:42.572331,1775919600
2026-04-11 15:46:41.318120,1775922300
2026-04-11 16:20:06.575627,1775924400
2026-04-11 17:01:34.771055,1775926800
2026-04-11 17:47:09.283895,1775929500
2026-04-11 18:23:29.130410,1775931600
2026-04-11 19:11:22.701682,1775934600
2026-04-11 19:51:18.408585,1775937000
2026-04-11 20:25:52.682755,1775939100
2026-04-11 21:01:07.106295,1775941200
2026-04-11 21:46:06.483052,1775943900
2026-04-11 22:16:01.367494,1775945700
2026-04-11 22:55:57.293897,1775948100
2026-04-11 23:41:56.941103,1775950800
2026-04-12 01:08:16.300491,1775955900
2026-04-12 04:20:36.353383,1775967600
2026-04-12 06:08:24.701281,1775973900
2026-04-12 07:44:38.300858,1775979600
2026-04-12 08:33:05.649136,1775982600
2026-04-12 09:29:17.996926,1775985900
2026-04-12 10:10:36.868362,1775988600
2026-04-12 11:01:22.930547,1775991600
2026-04-12 11:46:17.857528,1775994300
2026-04-12 12:28:59.862348,1775996700
2026-04-12 13:43:36.784394,1776001200
2026-04-12 14:28:52.085758,1776003900
2026-04-12 15:09:21.298465,1776006300
2026-04-12 15:52:51.921829,1776009000
2026-04-12 16:37:04.677088,1776011700
2026-04-12 17:19:45.658677,1776014100
2026-04-12 17:57:18.207612,1776016500
2026-04-12 19:02:50.691676,1776020400
2026-04-12 19:49:36.757310,1776023100
2026-04-12 20:23:20.683113,1776025200
2026-04-12 21:01:54.211319,1776027600
2026-04-12 21:48:40.606835,1776030300
2026-04-12 22:19:37.905951,1776032100
2026-04-12 23:00:18.695402,1776034800
2026-04-12 23:48:24.825597,1776037500
2026-04-13 01:12:54.649011,1776042600
2026-04-13 04:31:58.362864,1776054600
2026-04-13 06:34:17.943258,1776061800
2026-04-13 08:34:34.325343,1776069000
2026-04-13 10:21:12.848739,1776075600
2026-04-13 11:48:36.092546,1776080700
2026-04-13 12:52:52.029469,1776084600
2026-04-13 14:47:12.829147,1776091500
2026-04-13 16:02:47.249768,1776096000
2026-04-13 17:17:40.586830,1776100500
2026-04-13 18:42:59.614636,1776105600
2026-04-13 19:54:57.297297,1776109800
2026-04-13 20:59:44.501413,1776113700
2026-04-13 22:56:19.420889,1776120900
2026-04-13 23:53:04.497547,1776124200
2026-04-14 02:28:05.122489,1776133500
2026-04-14 05:11:19.821709,1776143400
2026-04-14 07:02:39.536362,1776150000
2026-04-14 08:51:42.893949,1776156600
2026-04-14 10:12:23.598442,1776161400
2026-04-14 11:31:14.433340,1776166200
2026-04-14 12:42:19.065028,1776170400
2026-04-14 14:26:42.498039,1776176700
2026-04-14 15:51:36.309116,1776181800
2026-04-14 17:00:28.054897,1776186000
2026-04-14 18:15:35.988094,1776190500
2026-04-14 19:45:28.734652,1776195900
2026-04-14 20:37:40.444325,1776198900
2026-04-14 21:34:28.090139,1776202200
2026-04-14 22:28:11.046866,1776205500
2026-04-14 23:26:19.557961,1776209100
2026-04-15 00:09:08.257072,1776211500
2026-04-15 03:41:43.174653,1776224400
2026-04-15 05:51:49.029802,1776232200
2026-04-15 07:24:50.448667,1776237600
2026-04-15 09:04:44.896667,1776243600
2026-04-15 10:37:44.047685,1776249300
2026-04-15 11:39:37.804220,1776252900
2026-04-15 12:46:24.924154,1776257100
2026-04-15 14:22:09.225949,1776262800
2026-04-15 15:46:00.061636,1776267900
2026-04-15 16:46:33.158641,1776271500
2026-04-15 17:55:22.534824,1776275700
2026-04-15 19:25:04.992338,1776281100
2026-04-15 20:27:02.075525,1776284700
2026-04-15 21:29:47.256179,1776288300
2026-04-15 22:23:41.354569,1776291600
2026-04-15 23:10:24.680307,1776294600
2026-04-16 00:00:45.683300,1776297600
2026-04-16 03:42:28.883736,1776310800
2026-04-16 05:52:19.623420,1776318600
2026-04-16 07:27:01.948735,1776324300
2026-04-16 09:04:34.470962,1776330000
2026-04-16 10:39:49.635608,1776335700
2026-04-16 11:42:54.025696,1776339600
2026-04-16 12:54:13.026888,1776343800
2026-04-16 14:57:59.022454,1776351300
2026-04-16 16:44:10.663652,1776357600
2026-04-16 17:59:25.287721,1776362100
2026-04-16 19:35:14.560378,1776368100
2026-04-16 20:28:27.599380,1776371100
2026-04-16 21:23:56.696650,1776374400
2026-04-16 22:07:11.044514,1776377100
2026-04-16 23:02:03.473820,1776380400
2026-04-16 23:54:58.985539,1776383400
2026-04-17 02:54:14.795879,1776394200
2026-04-17 05:29:55.267876,1776403500
2026-04-17 07:11:06.108332,1776409800
2026-04-17 08:56:42.793122,1776416100
2026-04-17 10:20:16.348041,1776421200
2026-04-17 11:27:50.561379,1776425100
2026-04-17 12:38:13.035364,1776429300
2026-04-17 14:07:38.871015,1776434700
2026-04-17 15:15:27.132629,1776438900
2026-04-17 16:16:00.908378,1776442500
2026-04-17 17:14:59.993952,1776445800
2026-04-17 18:08:41.525825,1776449100
2026-04-17 19:32:10.446837,1776454200
2026-04-17 20:23:54.724016,1776457200
2026-04-17 21:09:56.073214,1776459900
2026-04-17 22:02:18.605037,1776463200
2026-04-17 22:58:14.303493,1776466500
2026-04-17 23:51:13.594894,1776469800
2026-04-18 01:49:47.878840,1776476700
2026-04-18 04:23:47.742594,1776486000
2026-04-18 05:56:38.941293,1776491700
2026-04-18 07:22:10.435742,1776496800
2026-04-18 08:07:55.312260,1776499500
2026-04-18 09:05:16.463650,1776503100
2026-04-18 10:00:09.304659,1776506400
2026-04-18 10:55:12.406291,1776509700
2026-04-18 11:38:31.067944,1776512100
2026-04-18 12:04:20.684669,1776513600
2026-04-18 13:34:21.387266,1776519000
2026-04-18 14:23:25.090361,1776522000
2026-04-18 15:05:58.984972,1776524700
2026-04-18 15:52:42.410709,1776527400
2026-04-18 16:38:08.799702,1776530100
2026-04-18 17:22:10.002310,1776532800
2026-04-18 18:00:44.746304,1776535200
2026-04-18 19:06:11.512016,1776539100
2026-04-18 19:52:03.087785,1776541800
2026-04-18 20:31:47.221900,1776544200
2026-04-18 21:05:21.128101,1776546300
2026-04-18 21:50:19.325167,1776549000
2026-04-18 22:25:16.373031,1776551100
2026-04-18 23:04:33.817265,1776553200
2026-04-18 23:49:53.606247,1776555900
2026-04-19 01:30:34.516103,1776562200
2026-04-19 04:38:14.536012,1776573300
2026-04-19 06:20:14.475828,1776579600
2026-04-19 07:52:24.764448,1776585000
2026-04-19 08:51:09.405507,1776588600
2026-04-19 09:40:42.304491,1776591600
2026-04-19 10:25:32.133461,1776594300
2026-04-19 11:09:08.928711,1776596700
2026-04-19 11:50:52.156571,1776599400
2026-04-19 12:42:21.954379,1776602400
2026-04-19 13:48:19.159716,1776606300
2026-04-19 14:30:50.168952,1776609000
2026-04-19 15:21:56.379739,1776612000
2026-04-19 15:59:53.391229,1776614100
2026-04-19 16:54:47.245117,1776617400
2026-04-19 17:38:45.969786,1776620100
2026-04-19 18:25:27.014356,1776623100
2026-04-19 19:24:33.459290,1776626400
2026-04-19 20:00:45.711070,1776628800
2026-04-19 20:51:20.128326,1776631800
2026-04-19 21:29:46.300622,1776633900
2026-04-19 22:03:11.706891,1776636000
2026-04-19 22:53:53.476080,1776639000
2026-04-19 23:38:16.405965,1776641700
2026-04-20 01:10:10.787255,1776647400
2026-04-20 04:30:37.378890,1776659400
2026-04-20 06:34:51.866906,1776666600
2026-04-20 08:59:52.252686,1776675300
2026-04-20 10:56:36.124367,1776682500
2026-04-20 12:10:10.079031,1776687000
2026-04-20 14:14:13.374131,1776694200
2026-04-20 15:47:30.494457,1776699900
2026-04-20 16:49:40.638973,1776703500
2026-04-20 17:49:42.309758,1776707100
2026-04-20 18:53:58.707746,1776711000
2026-04-20 19:59:40.847599,1776714900
2026-04-20 20:58:58.104245,1776718500
2026-04-20 21:57:11.490804,1776722100
2026-04-20 22:55:53.439185,1776725700
2026-04-20 23:52:18.570544,1776729000
2026-04-21 02:12:59.636307,1776737400
2026-04-21 05:11:01.507200,1776748200
2026-04-21 07:06:24.424564,1776755100
2026-04-21 09:01:15.614115,1776762000
2026-04-21 10:40:48.086104,1776768000
2026-04-21 11:46:25.484433,1776771900
2026-04-21 12:50:57.113418,1776775800
2026-04-21 14:44:31.783709,1776782400
2026-04-21 16:00:01.451552,1776787200
2026-04-21 17:13:48.400417,1776791400
2026-04-21 18:14:59.710185,1776795000
2026-04-21 19:41:22.986165,1776800400
2026-04-21 20:34:40.070792,1776803400
2026-04-21 21:28:40.065955,1776806700
2026-04-21 22:23:03.581252,1776810000
2026-04-21 23:06:51.176163,1776812700
2026-04-21 23:51:17.677244,1776815400
2026-04-22 01:56:22.105136,1776822900
2026-04-22 04:51:46.700976,1776833400
2026-04-22 06:56:00.376058,1776840900
2026-04-22 08:52:05.067686,1776847800
2026-04-22 10:17:06.291161,1776852900
2026-04-22 11:35:05.873135,1776857700
2026-04-22 12:43:37.246266,1776861600
2026-04-22 14:25:01.992759,1776867900
2026-04-22 15:51:26.662095,1776873000
2026-04-22 16:53:08.939791,1776876600
2026-04-22 17:59:34.653919,1776880500
2026-04-22 19:36:57.822276,1776886500
2026-04-22 20:34:29.536660,1776889800
2026-04-22 21:33:58.414998,1776893400
2026-04-22 22:28:42.227365,1776896700
2026-04-22 23:28:49.134012,1776900300
2026-04-23 01:10:57.343978,1776906600
2026-04-23 04:23:20.343930,1776918000
2026-04-23 06:23:17.766772,1776925200
2026-04-23 08:19:10.567166,1776932100
2026-04-23 10:01:10.187335,1776938400
2026-04-23 11:20:23.780291,1776943200
2026-04-23 12:13:14.226571,1776946200
2026-04-23 14:14:57.407335,1776953400
2026-04-23 16:13:01.416345,1776960600
2026-04-23 17:48:59.123168,1776966300
2026-04-23 18:51:15.714701,1776970200
2026-04-23 20:03:04.037428,1776974400
2026-04-23 21:04:51.115956,1776978000
2026-04-23 21:59:40.679329,1776981300
2026-04-23 23:00:12.315372,1776985200
2026-04-23 23:57:40.058870,1776988500
2026-04-24 03:41:03.585935,1777002000
2026-04-24 05:58:02.082740,1777010100
2026-04-24 08:17:35.648876,1777018500
2026-04-24 09:57:54.534465,1777024500
2026-04-24 11:16:17.692815,1777029300
2026-04-24 12:10:16.621207,1777032600
2026-04-24 14:09:00.004423,1777039500
2026-04-24 15:38:15.860040,1777044900
2026-04-24 16:39:22.926042,1777048500
2026-04-24 17:38:35.595432,1777052100
2026-04-24 18:30:26.529702,1777055400
2026-04-24 19:34:21.189459,1777059000
2026-04-24 20:27:45.480157,1777062300
2026-04-24 21:27:57.800972,1777065900
2026-04-24 22:23:19.564987,1777069200
2026-04-24 23:07:05.857642,1777071900
2026-04-24 23:55:01.220468,1777074900
2026-04-25 02:47:30.941496,1777085100
2026-04-25 05:03:31.035963,1777093200
2026-04-25 06:44:19.562501,1777099200
2026-04-25 07:56:06.156823,1777103700
2026-04-25 09:02:55.180162,1777107600
2026-04-25 10:01:06.591435,1777111200
2026-04-25 10:58:55.474946,1777114500
2026-04-25 11:48:33.001972,1777117500
2026-04-25 12:32:28.715024,1777120200
2026-04-25 13:48:18.515122,1777124700
2026-04-25 14:33:27.948655,1777127400
2026-04-25 15:24:16.986801,1777130400
2026-04-25 16:06:08.393313,1777133100
2026-04-25 17:00:57.466119,1777136400
2026-04-25 17:53:27.421214,1777139400
2026-04-25 18:53:03.122999,1777143000
2026-04-25 19:42:52.596751,1777146000
2026-04-25 20:22:20.615920,1777148400
2026-04-25 21:03:28.416407,1777150800
2026-04-25 21:50:46.171564,1777153800
2026-04-25 22:28:44.213575,1777155900
2026-04-25 23:08:42.122794,1777158300
2026-04-25 23:55:02.748213,1777161300
2026-04-26 03:26:08.267530,1777173900
2026-04-26 05:56:26.701568,1777182900
2026-04-26 07:49:17.982454,1777189500
2026-04-26 08:48:00.443256,1777193100
2026-04-26 09:40:44.867046,1777196400
2026-04-26 10:31:06.468597,1777199400
2026-04-26 11:24:33.890894,1777202400
2026-04-26 12:05:05.871795,1777205100
2026-04-26 13:39:44.804640,1777210500
2026-04-26 14:29:25.058818,1777213500
2026-04-26 15:24:20.893989,1777216800
2026-04-26 16:07:05.718675,1777219500
2026-04-26 17:02:08.992825,1777222800
2026-04-26 17:55:05.780843,1777226100
2026-04-26 19:01:38.120623,1777230000
2026-04-26 19:52:00.375414,1777233000
2026-04-26 20:34:38.815001,1777235400
2026-04-26 21:20:09.574272,1777238400
2026-04-26 21:59:15.656142,1777240500
2026-04-26 22:53:04.733631,1777243800
2026-04-26 23:37:44.976662,1777246500
2026-04-27 01:15:10.803359,1777252500
2026-04-27 04:43:48.935071,1777264800
2026-04-27 07:27:41.614316,1777274700
2026-04-27 09:40:16.512577,1777282800
2026-04-27 11:27:55.125375,1777289100
2026-04-27 13:07:35.303499,1777295100
2026-04-27 15:19:37.526099,1777302900
2026-04-27 17:00:29.517370,1777309200
2026-04-27 18:15:55.831549,1777313700
2026-04-27 19:51:14.024376,1777319400
2026-04-27 20:55:49.788961,1777323300
2026-04-27 21:58:36.556010,1777326900
2026-04-27 23:01:45.788857,1777330800
2026-04-28 00:02:31.221358,1777334400
2026-04-28 04:01:55.246794,1777348800
2026-04-28 06:41:14.973890,1777358400
2026-04-28 09:10:23.982590,1777367400
2026-04-28 11:18:26.205644,1777374900
2026-04-28 13:02:54.362261,1777381200
2026-04-28 15:37:53.898976,1777390500
2026-04-28 17:16:52.706730,1777396500
2026-04-28 18:57:38.349432,1777402500
2026-04-28 20:24:03.137649,1777407600
2026-04-28 21:36:52.542723,1777412100
2026-04-28 22:38:11.539550,1777415700
2026-04-28 23:37:59.413989,1777419300
2026-04-29 01:24:08.273919,1777425600
2026-04-29 04:53:11.338344,1777438200
2026-04-29 07:22:48.241191,1777447200
2026-04-29 09:33:03.274398,1777455000
2026-04-29 11:17:15.904435,1777461300
2026-04-29 12:59:48.861777,1777467300
2026-04-29 15:24:37.507905,1777476000
2026-04-29 17:04:53.143577,1777482000
2026-04-29 18:45:13.495409,1777488300
2026-04-29 20:04:34.759786,1777492800
2026-04-29 21:17:12.444615,1777497300
2026-04-29 22:15:01.028207,1777500900
2026-04-29 23:14:08.847427,1777504200
2026-04-30 00:10:56.776979,1777507800
2026-04-30 04:05:59.972879,1777521900
2026-04-30 06:40:14.703536,1777531200
2026-04-30 09:03:55.954375,1777539600
2026-04-30 11:04:00.487063,1777546800
2026-04-30 12:23:12.137863,1777551600
2026-04-30 14:32:40.616959,1777559400
2026-04-30 16:07:57.981698,1777565100
2026-04-30 17:45:12.917858,1777571100
2026-04-30 19:01:03.345578,1777575600
2026-04-30 20:17:07.685189,1777580100
2026-04-30 21:29:41.855449,1777584300
2026-04-30 22:31:29.006992,1777588200
2026-04-30 23:31:46.605415,1777591800
2026-05-01 01:25:03.882015,1777598700
2026-05-01 05:09:41.537522,1777611900
2026-05-01 07:37:46.620938,1777620900
2026-05-01 09:21:40.948799,1777627200
2026-05-01 10:51:47.563359,1777632600
2026-05-01 11:55:31.689757,1777636500
2026-05-01 13:38:52.488763,1777642500
2026-05-01 14:40:58.500555,1777646400
2026-05-01 15:41:45.440099,1777650000
2026-05-01 16:40:11.608636,1777653600
2026-05-01 17:43:15.127243,1777657200
2026-05-01 18:48:15.907225,1777661100
2026-05-01 19:57:21.056028,1777665300
2026-05-01 21:03:20.109002,1777669200
2026-05-01 22:02:01.667648,1777672800
2026-05-01 23:03:26.708136,1777676400
2026-05-02 00:01:38.778167,1777680000
2026-05-02 03:46:49.562110,1777693500
2026-05-02 05:57:53.902171,1777701300
2026-05-02 07:56:17.990903,1777708500
2026-05-02 09:14:25.747217,1777713000
2026-05-02 10:13:07.032356,1777716600
2026-05-02 11:09:38.728074,1777719900
2026-05-02 12:00:35.312284,1777723200
2026-05-02 13:42:46.703064,1777729200
2026-05-02 14:36:25.716998,1777732500
2026-05-02 15:30:40.143544,1777735800
2026-05-02 16:27:37.577934,1777739100
2026-05-02 17:26:20.686730,1777742700
2026-05-02 18:30:06.659867,1777746600
2026-05-02 19:37:31.804008,1777750500
2026-05-02 20:23:31.443189,1777753200
2026-05-02 21:08:06.252234,1777755900
2026-05-02 21:58:40.298277,1777758900
2026-05-02 22:55:42.057401,1777762500
2026-05-02 23:52:56.037035,1777765800
2026-05-03 02:45:07.683584,1777776300
2026-05-03 05:47:16.662001,1777787100
2026-05-03 07:41:31.272664,1777794000
2026-05-03 09:08:20.720743,1777799100
2026-05-03 10:16:30.652992,1777803300
2026-05-03 11:10:05.280355,1777806600
2026-05-03 11:58:50.326066,1777809300
2026-05-03 13:42:52.900101,1777815600
2026-05-03 14:36:23.999739,1777818900
2026-05-03 15:29:35.252547,1777821900
2026-05-03 16:26:15.049294,1777825500
2026-05-03 17:27:24.041774,1777829100
2026-05-03 18:31:37.846147,1777833000
2026-05-03 19:38:09.662753,1777836900
2026-05-03 20:24:50.633620,1777839600
2026-05-03 21:11:15.480969,1777842600
2026-05-03 22:02:46.432474,1777845600
2026-05-03 23:00:21.957980,1777849200
2026-05-03 23:58:55.411170,1777852500
2026-05-04 04:01:34.323356,1777867200
2026-05-04 06:50:39.313212,1777877400
2026-05-04 09:12:22.567193,1777885800
2026-05-04 11:19:15.492244,1777893300
2026-05-04 13:01:10.915163,1777899600
2026-05-04 15:16:38.751426,1777907700
2026-05-04 17:06:30.529603,1777914300
2026-05-04 18:56:57.555619,1777920900
2026-05-04 20:18:44.064549,1777925700
2026-05-04 21:34:27.313306,1777930200
2026-05-04 22:37:45.531135,1777934100
2026-05-04 23:35:16.978990,1777937700
2026-05-05 01:17:10.033246,1777943700
2026-05-05 04:29:57.370725,1777955100
2026-05-05 06:36:39.529248,1777962900
2026-05-05 09:00:23.807329,1777971600
2026-05-05 10:54:12.456664,1777978200
2026-05-05 12:03:17.231348,1777982400
2026-05-05 14:21:26.410991,1777990800
2026-05-05 17:49:15.575525,1778003100
2026-05-05 19:01:25.619583,1778007600
2026-05-05 20:18:20.035202,1778012100
2026-05-05 21:31:05.663346,1778016600
2026-05-05 22:33:40.731523,1778020200
2026-05-05 23:29:26.485897,1778023500
2026-05-06 01:13:44.538528,1778029800
2026-05-06 04:45:50.645940,1778042700
2026-05-06 07:27:37.866993,1778052300
2026-05-06 09:58:20.390008,1778061300
2026-05-06 11:58:58.427222,1778068500
2026-05-06 14:39:32.868027,1778078100
2026-05-06 16:19:22.486655,1778084100
2026-05-06 17:56:11.097830,1778090100
2026-05-06 19:55:15.232548,1778097300
2026-05-06 21:14:51.808461,1778101800
2026-05-06 22:10:34.447268,1778105400
2026-05-06 23:07:26.945362,1778108700
2026-05-07 00:03:57.463789,1778112000
2026-05-07 04:00:39.869403,1778126400
2026-05-07 06:48:04.707404,1778136300
2026-05-07 09:23:04.179823,1778145600
2026-05-07 11:26:09.579188,1778153100
2026-05-07 13:16:55.889719,1778159700
2026-05-07 15:39:56.929340,1778168100
2026-05-07 17:25:43.811263,1778174700
2026-05-07 19:16:19.748943,1778181300
2026-05-07 20:42:28.144718,1778186400
2026-05-07 21:40:47.362402,1778190000
2026-05-07 22:44:27.426078,1778193600
2026-05-07 23:38:43.078101,1778196900
2026-05-08 01:25:49.102113,1778203500
2026-05-08 04:40:14.934185,1778215200
2026-05-08 06:23:04.925905,1778221200
2026-05-08 08:07:48.367813,1778227500
2026-05-08 09:52:12.241174,1778233800
2026-05-08 11:09:32.357244,1778238300
2026-05-08 12:19:00.081586,1778242500
2026-05-08 14:20:05.403114,1778250000
2026-05-08 15:56:45.614523,1778255700
2026-05-08 17:27:14.154991,1778261100
2026-05-08 18:53:50.426725,1778266200
2026-05-08 20:07:03.009996,1778270700
2026-05-08 21:15:34.207982,1778274900
2026-05-08 22:15:32.214553,1778278500
2026-05-08 23:14:32.788235,1778281800
2026-05-09 00:13:23.503597,1778285400
2026-05-09 03:59:19.204470,1778298900
2026-05-09 06:24:57.042665,1778307600
2026-05-09 08:17:27.061596,1778314500
2026-05-09 09:48:49.845615,1778319900
2026-05-09 10:43:28.979144,1778323200
2026-05-09 11:37:35.327327,1778326500
2026-05-09 12:41:59.019975,1778330400
2026-05-09 14:08:20.604956,1778335500
2026-05-09 15:13:57.917508,1778339400
2026-05-09 16:11:16.424182,1778343000
2026-05-09 17:14:25.161480,1778346600
2026-05-09 18:08:31.845795,1778349900
2026-05-09 19:33:43.634276,1778355000
2026-05-09 20:24:21.013197,1778358000
2026-05-09 21:10:16.829478,1778361000
2026-05-09 22:02:58.904791,1778364000
2026-05-09 23:01:41.378425,1778367600
2026-05-09 23:59:18.374970,1778370900
2026-05-10 04:07:36.219595,1778385900
2026-05-10 06:43:33.294356,1778395200
2026-05-10 08:32:31.085993,1778401800
2026-05-10 10:01:14.252180,1778407200
2026-05-10 11:10:01.626596,1778411400
2026-05-10 12:03:29.989208,1778414400
2026-05-10 13:52:13.001589,1778421000
2026-05-10 14:48:42.200361,1778424300
2026-05-10 15:39:46.361279,1778427300
2026-05-10 16:37:15.386109,1778430900
2026-05-10 17:37:21.705636,1778434500
2026-05-10 18:39:22.583135,1778438100
2026-05-10 19:46:10.452145,1778442300
2026-05-10 20:33:26.978826,1778445000
2026-05-10 21:30:59.081827,1778448600
2026-05-10 22:27:04.414496,1778451900
2026-05-10 23:30:40.501228,1778455800
2026-05-11 01:27:43.925394,1778462700
2026-05-11 05:40:24.030043,1778478000
2026-05-11 08:48:21.233196,1778489100
2026-05-11 11:52:22.069613,1778500200
2026-05-11 14:41:45.102934,1778510400
2026-05-11 17:13:46.451123,1778519400
2026-05-11 19:13:11.519786,1778526600
2026-05-11 20:55:39.651654,1778532900
2026-05-11 22:11:51.486187,1778537400
2026-05-11 23:13:33.226899,1778541000
2026-05-12 00:13:16.663309,1778544600
2026-05-12 04:09:03.462999,1778558700
2026-05-12 06:49:45.176812,1778568300
2026-05-12 09:28:53.010196,1778577900
2026-05-12 11:33:10.270163,1778585400
2026-05-12 13:24:37.967874,1778592000
2026-05-12 16:02:17.122884,1778601600
2026-05-12 18:13:46.444086,1778609400
2026-05-12 20:11:27.368787,1778616600
2026-05-12 21:41:17.445469,1778622000
2026-05-12 22:47:50.594360,1778625900
2026-05-12 23:46:39.541378,1778629500
2026-05-13 01:45:47.518622,1778636700
2026-05-13 05:36:56.231467,1778650500
2026-05-13 08:23:00.303566,1778660400
2026-05-13 11:06:09.593984,1778670300
2026-05-13 13:27:54.041150,1778678700
2026-05-13 16:05:01.729815,1778688300
2026-05-13 18:11:36.130691,1778695800
2026-05-13 20:11:57.508817,1778703000
2026-05-13 21:47:21.235033,1778708700
2026-05-13 22:53:21.776624,1778712600
2026-05-13 23:57:51.270611,1778716500
2026-05-14 04:07:25.191749,1778731500
2026-05-14 07:20:29.914800,1778743200
2026-05-14 09:43:10.578778,1778751600
2026-05-14 11:30:04.281429,1778758200
2026-05-14 13:17:33.012225,1778764500
2026-05-14 15:38:01.063513,1778772900
2026-05-14 17:26:25.246679,1778779500
2026-05-14 19:20:35.675036,1778786400
2026-05-14 20:50:51.463440,1778791800
2026-05-14 22:03:39.690621,1778796000
2026-05-14 23:10:21.723967,1778800200
2026-05-15 00:10:41.192742,1778803800
2026-05-15 04:19:17.970698,1778818500
2026-05-15 07:39:33.578770,1778830500
2026-05-15 10:06:57.160796,1778839500
2026-05-15 12:06:41.582301,1778846700
2026-05-15 14:34:12.215319,1778855400
2026-05-15 16:23:00.703915,1778862000
2026-05-15 18:02:10.645879,1778868000
2026-05-15 19:51:49.197930,1778874600
2026-05-15 20:56:38.853538,1778878500
2026-05-15 22:05:01.059285,1778882700
2026-05-15 23:10:18.436876,1778886600
2026-05-16 00:07:45.274797,1778889900
2026-05-16 04:01:12.503689,1778904000
2026-05-16 06:30:44.480648,1778913000
2026-05-16 08:26:11.981760,1778919900
2026-05-16 09:59:48.029961,1778925300
2026-05-16 11:12:08.531308,1778929800
2026-05-16 12:08:11.904453,1778933100
2026-05-16 13:59:26.256621,1778939700
2026-05-16 15:08:53.098419,1778943900
2026-05-16 16:09:29.478217,1778947500
2026-05-16 17:16:10.667894,1778951700
2026-05-16 18:10:24.663406,1778955000
2026-05-16 19:34:36.499347,1778959800
2026-05-16 20:25:33.407475,1778963100
2026-05-16 21:25:25.472702,1778966700
2026-05-16 22:12:36.551638,1778969400
2026-05-16 23:11:02.448282,1778973000
2026-05-17 00:10:02.338588,1778976600
2026-05-17 04:33:05.602351,1778992200
2026-05-17 07:23:51.846036,1779002400
2026-05-17 09:19:19.908481,1779009300
2026-05-17 10:46:08.830574,1779014700
2026-05-17 11:48:54.260680,1779018300
2026-05-17 12:46:10.183909,1779021900
2026-05-17 14:16:52.858332,1779027300
2026-05-17 15:32:20.817911,1779031800
2026-05-17 16:34:59.523979,1779035400
2026-05-17 17:39:24.813426,1779039300
2026-05-17 18:44:49.552235,1779043200
2026-05-17 19:55:55.400840,1779047700
2026-05-17 21:01:12.129251,1779051600
2026-05-17 22:03:29.846317,1779055200
2026-05-17 23:08:59.856018,1779059100
2026-05-18 00:10:26.795254,1779063000
2026-05-18 04:43:16.804052,1779079200
2026-05-18 08:37:43.183818,1779093300
2026-05-18 12:06:27.443820,1779105900
2026-05-18 15:55:55.260658,1779119700
2026-05-18 18:04:57.383452,1779127200
2026-05-18 19:59:21.518088,1779134100
2026-05-18 21:21:35.110886,1779139200
2026-05-18 22:31:23.650693,1779143400
2026-05-18 23:40:48.674401,1779147600
2026-05-19 01:49:04.161003,1779155100
2026-05-19 05:56:16.099902,1779170100
2026-05-19 09:58:49.140425,1779184500
2026-05-19 12:49:06.009389,1779194700
2026-05-19 16:12:37.002100,1779207000
2026-05-19 18:17:13.524158,1779214500
2026-05-19 20:09:41.415492,1779221100
2026-05-19 21:46:58.932198,1779227100
2026-05-19 22:53:37.970215,1779231000
2026-05-20 00:06:10.299579,1779235500
2026-05-20 04:35:04.264967,1779251700
2026-05-20 08:05:06.389228,1779264300
2026-05-20 11:19:23.343398,1779275700
2026-05-20 14:01:19.950092,1779285600
2026-05-20 17:23:36.444558,1779297600
2026-05-20 19:38:51.539017,1779305700
2026-05-20 21:24:52.465534,1779312000
2026-05-20 22:53:57.542334,1779317400
2026-05-21 00:07:49.878411,1779321900
2026-05-21 04:43:24.325763,1779338400
2026-05-21 08:22:43.488530,1779351600
2026-05-21 11:44:58.695599,1779363600
2026-05-21 14:29:19.529124,1779373500
2026-05-21 17:18:21.356680,1779383700
2026-05-21 19:22:22.907957,1779391200
2026-05-21 21:10:30.524943,1779397800
2026-05-21 22:42:35.445912,1779403200
2026-05-21 23:43:49.812493,1779406800
2026-05-22 01:51:18.095619,1779414600
2026-05-22 06:01:10.677408,1779429600
2026-05-22 09:47:48.368751,1779443100
2026-05-22 12:09:40.433533,1779451500
2026-05-22 15:23:56.493423,1779463200
2026-05-22 17:23:07.906548,1779470400
2026-05-22 19:12:34.495267,1779477000
2026-05-22 20:49:40.014705,1779482700
2026-05-22 21:56:24.788142,1779486900
2026-05-22 23:11:16.058175,1779491400
2026-05-23 00:16:41.411292,1779495300
2026-05-23 04:12:03.411793,1779509400
2026-05-23 06:47:27.798224,1779518700
2026-05-23 08:55:49.461111,1779526500
2026-05-23 10:39:59.970285,1779532500
2026-05-23 11:46:37.802047,1779536700
2026-05-23 12:47:33.968989,1779540300
2026-05-23 14:22:10.749123,1779546000
2026-05-23 16:41:17.921876,1779554400
2026-05-23 17:46:04.688930,1779558300
2026-05-23 18:46:51.788382,1779561900
2026-05-23 19:57:23.967327,1779566100
2026-05-23 21:03:27.453885,1779570000
2026-05-23 22:05:02.400178,1779573900
2026-05-23 23:08:41.096361,1779577500
2026-05-24 00:12:02.569507,1779581400
2026-05-24 04:41:16.459761,1779597600
2026-05-24 07:42:31.776229,1779608400
2026-05-24 09:32:58.992514,1779615000
2026-05-24 11:00:06.379301,1779620400
2026-05-24 12:07:54.030156,1779624300
2026-05-24 13:59:12.550752,1779630900
2026-05-24 15:15:55.350100,1779635700
2026-05-24 16:17:00.576338,1779639300
2026-05-24 17:29:51.011276,1779643500
2026-05-24 18:43:09.614419,1779648000
2026-05-24 19:54:35.231033,1779652200
2026-05-24 20:58:39.771068,1779656100
2026-05-24 22:04:37.142367,1779660000
2026-05-24 23:12:14.786896,1779664200
2026-05-25 00:14:48.801308,1779667800
2026-05-25 04:57:18.336798,1779684900
2026-05-25 12:42:38.936133,1779712800
2026-05-25 15:42:45.157445,1779723600
2026-05-25 17:25:02.237969,1779729900
2026-05-25 19:04:25.059771,1779735600
2026-05-25 20:42:17.518497,1779741600
2026-05-25 21:54:52.496019,1779745800
2026-05-25 23:08:17.947793,1779750300
2026-05-26 00:15:45.360427,1779754500
2026-05-26 04:38:38.740847,1779770100
2026-05-26 08:22:41.455003,1779783600
2026-05-26 14:23:36.907515,1779805200
2026-05-26 17:42:42.142035,1779817200
2026-05-26 19:47:07.789470,1779824700
2026-05-26 21:23:01.792659,1779830400
2026-05-26 22:48:38.209033,1779835500
2026-05-26 23:54:27.902657,1779839400
2026-05-27 04:00:39.608885,1779854400
2026-05-27 08:10:50.257439,1779869400
2026-05-27 11:49:54.501981,1779882300
2026-05-27 14:48:31.681682,1779893100
2026-05-27 17:47:29.732445,1779903900
2026-05-27 19:52:11.264459,1779911400
2026-05-27 21:50:27.368644,1779918600
2026-05-27 23:10:48.761192,1779923400
2026-05-28 00:15:34.605014,1779927300
2026-05-28 04:46:05.317654,1779943500
2026-05-28 08:36:02.492877,1779957300
2026-05-28 12:04:16.028858,1779969600
2026-05-28 16:30:44.649854,1779985800
2026-05-28 19:14:55.582898,1779995400
2026-05-28 21:24:23.092314,1780003200
2026-05-28 22:53:10.741962,1780008600
2026-05-29 00:10:30.639827,1780013400
2026-05-29 04:44:00.095212,1780029600
2026-05-29 08:34:00.331428,1780043400
2026-05-29 11:53:50.202820,1780055400
2026-05-29 15:32:45.748314,1780068600
2026-05-29 18:19:57.539786,1780078500
2026-05-29 20:40:53.532278,1780087200
2026-05-29 22:20:00.783629,1780093200
2026-05-29 23:46:38.916417,1780098300
2026-05-30 01:45:04.983068,1780105500
2026-05-30 05:36:28.856452,1780119300
2026-05-30 08:08:02.204158,1780128300
2026-05-30 10:17:00.908208,1780136100
2026-05-30 11:48:34.962763,1780141500
2026-05-30 12:54:25.765044,1780145400
2026-05-30 14:41:58.170524,1780152000
2026-05-30 15:52:56.121312,1780156200
2026-05-30 17:01:25.604553,1780160400
2026-05-30 18:12:48.884784,1780164600
2026-05-30 19:42:58.465514,1780170000
2026-05-30 20:39:29.412223,1780173300
2026-05-30 21:42:37.274962,1780177200
2026-05-30 22:40:53.943270,1780180800
2026-05-30 23:43:33.347287,1780184400
2026-05-31 01:54:20.366690,1780192200
2026-05-31 06:20:42.707058,1780208400
2026-05-31 09:27:30.251701,1780219500
2026-05-31 11:17:52.244651,1780226100
2026-05-31 12:52:37.260510,1780231800
2026-05-31 14:41:58.182751,1780238400
2026-05-31 15:55:51.252605,1780242900
2026-05-31 17:15:04.248639,1780247700
2026-05-31 18:37:29.255497,1780252500
2026-05-31 19:53:34.737781,1780257000
2026-05-31 20:59:35.674731,1780260900
2026-05-31 22:09:58.141912,1780265100
2026-05-31 23:18:46.851156,1780269300
2026-06-01 01:36:33.148178,1780277700
2026-06-01 06:33:00.093327,1780295400
2026-06-01 12:20:31.993482,1780316400
2026-06-01 18:21:50.211595,1780338000
2026-06-01 21:47:55.189530,1780350300
2026-06-01 23:19:14.020164,1780355700
2026-06-02 01:42:19.060615,1780364400
2026-06-02 06:24:03.254206,1780381200
2026-06-02 11:05:04.461722,1780398300
2026-06-02 15:08:32.536885,1780412700
2026-06-02 18:54:57.583634,1780426200
2026-06-02 21:50:46.354618,1780437000
2026-06-02 23:27:54.217604,1780442700
2026-06-03 02:11:12.873410,1780452600
2026-06-03 07:15:10.641290,1780470900
2026-06-03 12:14:11.926043,1780488600
2026-06-03 17:21:56.639731,1780507200
2026-06-03 20:35:32.704819,1780518900
2026-06-03 22:51:50.362830,1780527000
2026-06-04 00:27:44.089763,1780532700
2026-06-04 05:25:01.593658,1780550700
2026-06-04 09:13:00.680310,1780564200
2026-06-04 12:22:02.827035,1780575600
2026-06-04 15:57:04.549809,1780588500
2026-06-04 18:25:37.252719,1780597500
2026-06-04 20:33:30.592774,1780605000
2026-06-04 22:10:12.119127,1780611000
2026-06-04 23:37:52.765675,1780616100
2026-06-05 01:53:11.212381,1780624200
2026-06-05 06:21:39.153699,1780640400
2026-06-05 10:29:55.888928,1780655100
2026-06-05 13:39:03.551960,1780666500
2026-06-05 16:17:57.810190,1780676100
2026-06-05 18:17:47.404046,1780683300
2026-06-05 20:19:30.887863,1780690500
2026-06-05 21:52:02.586035,1780696200
2026-06-05 23:03:21.381702,1780700400
2026-06-06 00:17:50.075335,1780704900
2026-06-06 04:32:02.739652,1780720200
2026-06-06 07:35:24.490997,1780731300
2026-06-06 09:37:07.625346,1780738500
2026-06-06 11:11:02.427383,1780744200
2026-06-06 12:20:39.006097,1780748400
2026-06-06 14:14:27.550065,1780755000
2026-06-06 15:44:15.528121,1780760400
2026-06-06 16:52:25.093555,1780764600
2026-06-06 18:02:58.735687,1780768800
2026-06-06 19:44:29.138157,1780774800
2026-06-06 20:48:09.072405,1780778700
2026-06-06 21:51:10.971682,1780782600
2026-06-06 22:56:56.908188,1780786500
2026-06-07 00:13:22.992805,1780791000
2026-06-07 04:58:53.365383,1780808100
2026-06-07 08:27:48.903716,1780820700
2026-06-07 10:53:00.946257,1780829400
2026-06-07 12:19:42.628533,1780834500
2026-06-07 14:25:10.635975,1780842300
2026-06-07 15:51:17.130865,1780847400
2026-06-07 17:07:47.714342,1780851900
2026-06-07 18:19:36.382760,1780856100
2026-06-07 19:53:00.782903,1780861800
2026-06-07 21:10:31.670236,1780866600
2026-06-07 22:18:40.733281,1780870500
2026-06-07 23:33:43.538930,1780875000
2026-06-08 01:57:41.792725,1780883700
2026-06-08 06:55:23.383772,1780901700
2026-06-08 12:01:32.805201,1780920000
2026-06-08 16:14:07.599468,1780935000
2026-06-08 18:38:32.909734,1780943700
2026-06-08 21:06:45.813125,1780952700
2026-06-08 22:48:53.864486,1780958700
2026-06-08 23:55:33.990483,1780962900
2026-06-09 04:00:39.843083,1780977600
2026-06-09 07:58:50.603249,1780991700
2026-06-09 11:26:49.764130,1781004300
2026-06-09 14:01:09.689737,1781013600
2026-06-09 16:40:18.265992,1781023200
2026-06-09 18:59:44.571404,1781031300
2026-06-09 21:04:49.839762,1781038800
2026-06-09 22:46:46.987499,1781045100
2026-06-10 00:02:09.965539,1781049600
2026-06-10 04:42:39.403774,1781066400
2026-06-10 08:38:22.098502,1781080500
2026-06-10 11:59:54.315348,1781092500
2026-06-10 16:00:34.346356,1781107200
2026-06-10 18:38:46.841710,1781116500
2026-06-10 21:15:08.448471,1781126100
2026-06-10 22:59:44.931519,1781132100
2026-06-11 01:33:23.386129,1781141400
2026-06-11 06:22:46.753910,1781158800
2026-06-11 11:08:14.772808,1781175900
2026-06-11 14:54:14.257500,1781189400
2026-06-11 18:15:14.677534,1781201700
2026-06-11 20:38:46.745342,1781210100
2026-06-11 22:29:22.388332,1781216700
2026-06-12 00:07:08.128762,1781222700
2026-06-12 05:01:24.871484,1781240400
2026-06-12 09:08:37.451739,1781255100
2026-06-12 12:30:24.176345,1781267400
2026-06-12 15:50:06.590957,1781279400
2026-06-12 17:58:51.567245,1781286900
2026-06-12 20:21:57.919919,1781295600
2026-06-12 22:05:02.298413,1781301900
2026-06-12 23:46:20.761565,1781307900
2026-06-13 01:55:07.384202,1781315700
2026-06-13 06:20:42.478273,1781331600
2026-06-13 09:41:38.973658,1781343600
2026-06-13 11:32:52.706629,1781350200
2026-06-13 13:11:29.575273,1781356200
2026-06-13 15:12:20.466527,1781363400
2026-06-13 16:50:38.940057,1781369400
2026-06-13 18:03:14.721334,1781373600
2026-06-13 19:51:16.920350,1781380200
2026-06-13 21:06:24.525018,1781384700
2026-06-13 22:18:05.631861,1781388900
2026-06-13 23:36:37.546631,1781393700
2026-06-14 01:59:58.282546,1781402100
2026-06-14 06:53:09.680946,1781419800
2026-06-14 10:23:31.937062,1781432400
2026-06-14 12:22:30.362528,1781439600
2026-06-14 14:39:26.925405,1781447700
2026-06-14 16:12:21.513644,1781453400
2026-06-14 17:51:00.543444,1781459400
2026-06-14 19:13:57.800825,1781464200
2026-06-14 20:42:06.580167,1781469600
2026-06-14 21:58:47.140839,1781474100
2026-06-14 23:21:04.681971,1781479200
2026-06-15 01:44:15.958747,1781487600
2026-06-15 07:03:20.406698,1781506800
2026-06-15 13:25:31.114161,1781529900
2026-06-15 18:09:12.569589,1781546700
2026-06-15 21:21:41.570019,1781558400
2026-06-15 23:16:01.538253,1781565300
2026-06-16 02:01:35.242382,1781575200
2026-06-16 07:38:36.250232,1781595300
2026-06-16 12:30:47.489760,1781613000
2026-06-16 17:35:57.604250,1781631300
2026-06-16 20:30:48.633524,1781641800
2026-06-16 22:32:51.040562,1781649000
2026-06-17 00:02:10.621160,1781654400
2026-06-17 05:08:06.591288,1781672700
2026-06-17 10:03:05.002514,1781690400
2026-06-17 13:56:43.452702,1781704500
2026-06-17 17:13:19.872969,1781716200
2026-06-17 19:31:36.151235,1781724600
2026-06-17 21:31:41.232985,1781731800
2026-06-17 23:05:59.181882,1781737500
2026-06-18 01:39:17.427452,1781746500
2026-06-18 06:28:40.887343,1781763900
2026-06-18 10:57:06.101324,1781780100
2026-06-18 14:16:41.676324,1781792100
2026-06-18 17:35:43.705533,1781804100
2026-06-18 19:54:58.286921,1781812200
2026-06-18 22:13:06.590703,1781820600
2026-06-19 00:00:55.167614,1781827200
2026-06-19 05:19:40.994405,1781846100
2026-06-19 09:56:20.524174,1781862900
2026-06-19 13:39:58.661706,1781876100
2026-06-19 16:21:17.788966,1781886000
2026-06-19 18:14:16.143090,1781892600
2026-06-19 20:06:41.299371,1781899500
2026-06-19 21:21:19.840740,1781904000
2026-06-19 22:29:34.274565,1781907900
2026-06-19 23:42:51.643824,1781912400
2026-06-20 01:53:51.011707,1781920200
2026-06-20 06:22:01.523851,1781936400
2026-06-20 09:48:06.479048,1781948700
2026-06-20 11:47:06.721252,1781955900
2026-06-20 13:16:56.766024,1781961300
2026-06-20 15:19:06.710822,1781968500
2026-06-20 16:57:47.231612,1781974500
2026-06-20 18:20:47.632704,1781979600
2026-06-20 20:01:56.575588,1781985600
2026-06-20 21:37:58.613584,1781991300
2026-06-20 22:49:01.341056,1781995500
2026-06-20 23:56:40.403586,1781999700
2026-06-21 05:08:08.018450,1782018300
2026-06-21 09:02:06.654200,1782032400
2026-06-21 11:51:15.259348,1782042600
2026-06-21 13:53:40.517196,1782049800
2026-06-21 15:51:02.425613,1782057000
2026-06-21 17:21:18.306520,1782062400
2026-06-21 18:57:46.130183,1782068100
2026-06-21 20:43:24.281575,1782074400
2026-06-21 22:03:56.451229,1782079200
2026-06-21 23:42:13.717821,1782085200
2026-06-22 02:10:06.503501,1782094200
2026-06-22 07:42:13.721280,1782114000
2026-06-22 13:19:34.333805,1782134100
2026-06-22 17:58:53.676571,1782150900
2026-06-22 21:10:19.997378,1782162600
2026-06-22 22:55:44.522856,1782168900
2026-06-23 00:12:44.086524,1782173400
2026-06-23 04:32:06.975360,1782189000
2026-06-23 08:07:02.474203,1782201900
2026-06-23 11:30:18.573900,1782214200
2026-06-23 14:02:04.950432,1782223200
2026-06-23 16:36:38.441946,1782232500
2026-06-23 18:30:04.995671,1782239400
2026-06-23 20:36:46.219315,1782246900
2026-06-23 22:03:59.248172,1782252000
2026-06-23 23:19:47.641741,1782256500
2026-06-24 01:21:47.855375,1782264000
2026-06-24 05:32:40.137611,1782279000
2026-06-24 08:41:11.307311,1782290400
2026-06-24 11:31:47.040448,1782300600
2026-06-24 13:49:42.057579,1782308700
2026-06-24 16:06:43.134733,1782317100
2026-06-24 18:06:24.489332,1782324300
2026-06-24 20:05:10.159306,1782331500
2026-06-24 21:42:47.647668,1782337200
2026-06-24 22:55:10.328943,1782341700
2026-06-25 00:15:50.833070,1782346500
2026-06-25 04:37:35.089081,1782362100
2026-06-25 08:03:38.341379,1782374400
2026-06-25 10:51:43.055265,1782384600
2026-06-25 13:12:56.298002,1782393000
2026-06-25 15:47:01.441550,1782402300
2026-06-25 17:57:56.786193,1782410100
2026-06-25 20:17:49.857338,1782418500
2026-06-25 21:56:57.979776,1782424500
2026-06-25 23:24:58.822755,1782429600
2026-06-26 01:37:04.024178,1782437700
2026-06-26 05:55:28.377195,1782453300
2026-06-26 09:35:46.835251,1782466500
2026-06-26 12:01:00.274214,1782475200
2026-06-26 14:43:21.523545,1782484800
2026-06-26 16:52:14.930903,1782492600
2026-06-26 18:28:29.271220,1782498300
2026-06-26 20:20:29.421292,1782505200
2026-06-26 21:45:55.001680,1782510300
2026-06-26 22:55:21.598605,1782514500
2026-06-27 00:13:03.628670,1782519000
2026-06-27 04:27:58.645867,1782534300
2026-06-27 07:36:41.609190,1782545700
2026-06-27 09:49:47.719335,1782553500
2026-06-27 11:19:18.568123,1782558900
2026-06-27 12:48:04.251555,1782564300
2026-06-27 14:19:36.310388,1782569700
2026-06-27 15:45:01.101488,1782575100
2026-06-27 16:50:16.041214,1782579000
2026-06-27 17:55:08.520140,1782582900
2026-06-27 19:26:16.595900,1782588300
2026-06-27 20:39:01.621011,1782592500
2026-06-27 21:44:02.348910,1782596400
2026-06-27 22:46:00.138021,1782600300
2026-06-27 23:46:11.583878,1782603900
2026-06-28 01:56:58.033998,1782611700
2026-06-28 06:33:26.337389,1782628200
2026-06-28 09:44:57.420920,1782639600
2026-06-28 11:27:09.042633,1782645900
2026-06-28 13:00:13.251669,1782651600
2026-06-28 14:54:03.886872,1782658200
2026-06-28 16:11:22.153632,1782663000
2026-06-28 17:36:14.820436,1782668100
2026-06-28 18:49:12.410052,1782672300
2026-06-28 20:03:44.453039,1782676800
2026-06-28 21:16:42.432698,1782681300
2026-06-28 22:31:41.228742,1782685800
2026-06-28 23:42:39.598786,1782690000
2026-06-29 01:57:07.428470,1782698100
2026-06-29 06:59:58.265754,1782716100
2026-06-29 12:06:13.305879,1782734700
2026-06-29 16:08:18.779859,1782749100
2026-06-29 18:22:26.084200,1782757200
2026-06-29 20:22:23.928554,1782764400
2026-06-29 21:50:52.252455,1782769800
2026-06-29 22:48:54.486451,1782773100
2026-06-29 23:47:55.873707,1782776700
2026-06-30 01:53:42.552853,1782784200
2026-06-30 06:12:41.225939,1782799800
2026-06-30 10:03:03.060453,1782813600
2026-06-30 12:22:28.462929,1782822000
2026-06-30 15:08:31.089651,1782831900
2026-06-30 17:16:13.325549,1782839700
2026-06-30 19:11:57.840048,1782846600
2026-06-30 21:07:24.811825,1782853500
2026-06-30 22:39:14.040126,1782858900
2026-06-30 23:50:15.393373,1782863400
2026-07-01 02:34:37.840843,1782873000
2026-07-01 06:55:20.046755,1782888900
2026-07-01 10:44:00.338287,1782902400
2026-07-01 13:27:19.008143,1782912300
2026-07-01 16:08:03.057082,1782921900
2026-07-01 18:16:11.014627,1782929700
2026-07-01 20:18:37.601094,1782936900
2026-07-01 21:54:35.600401,1782942600
2026-07-01 23:18:03.651290,1782947700
2026-07-02 01:28:19.495079,1782955500
2026-07-02 05:37:25.620066,1782970500
2026-07-02 08:33:03.140461,1782981000
2026-07-02 11:15:03.808183,1782990900
2026-07-02 13:11:33.882635,1782997800
2026-07-02 15:33:31.187011,1783006200
2026-07-02 17:15:13.616940,1783012500
2026-07-02 18:51:31.781269,1783018200
2026-07-02 20:15:55.575954,1783023300
2026-07-02 21:37:32.813345,1783028100
2026-07-02 22:45:40.752228,1783032300
2026-07-02 23:49:07.831411,1783035900
2026-07-03 01:28:17.453811,1783041900
2026-07-03 05:32:50.572357,1783056600
2026-07-03 08:38:20.492430,1783067700
2026-07-03 11:16:44.366747,1783077300
2026-07-03 13:16:32.729091,1783084500
2026-07-03 15:30:24.851522,1783092600
2026-07-03 17:00:25.152243,1783098000
2026-07-03 18:21:35.037234,1783102800
2026-07-03 19:56:28.444889,1783108500
2026-07-03 21:16:04.838950,1783113300
2026-07-03 22:29:55.948580,1783117500
2026-07-03 23:37:57.643875,1783121700
2026-07-04 01:15:59.578009,1783127700
2026-07-04 04:56:39.543601,1783140900
2026-07-04 07:52:54.216338,1783151400
2026-07-04 10:07:36.339464,1783159500
2026-07-04 11:45:23.716335,1783165500
2026-07-04 12:50:14.371748,1783169400
2026-07-04 14:23:15.121037,1783174800
2026-07-04 15:41:37.063064,1783179600
2026-07-04 16:43:51.289255,1783183200
2026-07-04 17:47:57.494660,1783187100
2026-07-04 18:46:02.732851,1783190700
2026-07-04 20:00:35.016013,1783195200
2026-07-04 21:11:15.022252,1783199400
2026-07-04 22:13:01.230151,1783203000
2026-07-04 23:16:12.366697,1783206900
2026-07-05 01:11:05.834664,1783213800
2026-07-05 05:09:20.385870,1783227900
2026-07-05 08:17:42.952067,1783239300
2026-07-05 10:31:39.196882,1783247400
2026-07-05 12:00:46.712671,1783252800
2026-07-05 14:02:13.666810,1783260000
2026-07-05 15:32:57.343547,1783265400
2026-07-05 16:38:40.798315,1783269300
2026-07-05 17:45:36.866059,1783273500
2026-07-05 18:51:14.333045,1783277400
2026-07-05 20:08:56.803706,1783281900
2026-07-05 21:19:33.491576,1783286100
2026-07-05 22:28:11.204848,1783290300
2026-07-05 23:38:25.743621,1783294500
2026-07-06 01:23:45.112582,1783300800
2026-07-06 05:56:37.385923,1783317300
2026-07-06 10:54:10.416869,1783335000
2026-07-06 14:26:19.458781,1783347900
2026-07-06 17:21:47.097626,1783358400
2026-07-06 19:13:26.486708,1783365000
2026-07-06 21:03:26.481696,1783371600
2026-07-06 22:33:32.964224,1783377000
2026-07-06 23:42:04.830334,1783381200
2026-07-07 01:25:44.677504,1783387500
2026-07-07 05:43:41.506883,1783402800
2026-07-07 08:55:46.501826,1783414500
2026-07-07 11:56:04.588762,1783425300
2026-07-07 14:51:32.253893,1783435800
2026-07-07 17:08:26.305462,1783443900
2026-07-07 19:14:15.818994,1783451400
2026-07-07 20:59:14.629385,1783457700
2026-07-07 22:18:51.453337,1783462500
2026-07-07 23:26:14.501141,1783466700
2026-07-08 01:02:10.954529,1783472400
2026-07-08 04:27:19.372569,1783484700
2026-07-08 07:06:24.897808,1783494300
2026-07-08 09:34:35.920569,1783503000
2026-07-08 11:27:55.721112,1783509900
2026-07-08 13:10:25.888350,1783516200
2026-07-08 15:35:33.882239,1783524900
2026-07-08 17:06:10.315281,1783530300
2026-07-08 18:42:00.150846,1783536000
2026-07-08 20:10:44.376083,1783541400
2026-07-08 21:32:24.624587,1783546200
2026-07-08 22:38:25.433394,1783550100
2026-07-08 23:45:00.968902,1783554300
2026-07-09 01:20:46.760326,1783560000
2026-07-09 05:30:05.440085,1783575000
2026-07-09 08:53:04.347055,1783587000
2026-07-09 11:55:25.099998,1783598100
2026-07-09 15:18:37.493122,1783610100
2026-07-09 17:28:02.080079,1783617900
2026-07-09 19:08:55.352298,1783623900
2026-07-09 20:56:17.568758,1783630500
2026-07-09 22:37:06.920093,1783636500
2026-07-09 23:49:34.280356,1783640700
2026-07-10 01:30:09.501502,1783647000
2026-07-10 05:44:14.537581,1783662000
2026-07-10 08:52:25.584806,1783673400
2026-07-10 11:48:04.923332,1783683900
2026-07-10 13:46:26.291489,1783691100
2026-07-10 16:09:05.295816,1783699500
2026-07-10 18:01:12.033882,1783706400
2026-07-10 19:47:28.909584,1783712700
2026-07-10 20:56:10.819845,1783716900
2026-07-10 22:10:46.151068,1783721400
2026-07-10 23:13:59.355140,1783725000
2026-07-11 00:13:15.873887,1783728600
2026-07-11 03:45:53.328690,1783741500
2026-07-11 06:03:30.371560,1783749600
2026-07-11 08:10:43.853835,1783757400
2026-07-11 09:49:16.364183,1783763100
2026-07-11 10:51:04.649087,1783767000
2026-07-11 11:46:28.832055,1783770300
2026-07-11 12:42:30.776535,1783773600
2026-07-11 14:13:19.569809,1783779000
2026-07-11 15:25:44.513553,1783783500
2026-07-11 16:26:36.164902,1783787100
2026-07-11 17:31:59.508767,1783791000
2026-07-11 18:31:12.023131,1783794600
2026-07-11 19:47:24.079824,1783799100
2026-07-11 20:33:46.880189,1783801800
2026-07-11 21:30:26.115461,1783805400
2026-07-11 22:27:56.918046,1783808700
2026-07-11 23:32:04.815493,1783812600
2026-07-12 01:10:09.811454,1783818600
2026-07-12 04:41:37.733049,1783831200
2026-07-12 07:17:58.838540,1783840500
2026-07-12 09:21:47.159793,1783848000
2026-07-12 10:51:58.201252,1783853400
2026-07-12 11:55:08.000947,1783857300
2026-07-12 13:34:47.434278,1783863000
2026-07-12 14:42:27.209213,1783867200
2026-07-12 15:42:19.434957,1783870800
2026-07-12 16:37:46.176441,1783874100
2026-07-12 17:41:58.610095,1783878000
2026-07-12 18:39:34.758094,1783881300
2026-07-12 19:52:00.865933,1783885800
2026-07-12 20:39:06.757219,1783888500
2026-07-12 21:33:08.207853,1783891800
2026-07-12 22:28:42.853509,1783895100
2026-07-12 23:32:01.114606,1783899000
2026-07-13 01:10:27.005683,1783905000
2026-07-13 04:47:59.800899,1783917900
2026-07-13 07:58:37.884790,1783929300
2026-07-13 11:24:27.719160,1783941600
2026-07-13 13:34:08.215999,1783949400
2026-07-13 16:10:14.625211,1783959000
2026-07-13 18:09:04.297686,1783965900
2026-07-13 19:49:02.408748,1783971900
2026-07-13 20:45:45.202739,1783975500
2026-07-13 21:39:47.643195,1783978500
2026-07-13 22:39:16.028570,1783982100
2026-07-13 23:36:06.923521,1783985700
2026-07-14 01:03:05.535510,1783990800
2026-07-14 04:13:53.129330,1784002200
2026-07-14 06:28:53.873278,1784010300
2026-07-14 08:38:52.915793,1784018100
2026-07-14 10:25:00.390829,1784024700
2026-07-14 11:55:06.383099,1784030100
2026-07-14 13:52:12.090260,1784037000
2026-07-14 15:20:29.265432,1784042400
2026-07-14 16:42:50.601280,1784047200
2026-07-14 17:49:36.735216,1784051100
2026-07-14 18:58:44.879642,1784055300
2026-07-14 20:19:14.724706,1784060100
2026-07-14 21:27:33.442450,1784064300
2026-07-14 22:33:03.825043,1784068200
2026-07-14 23:29:18.531844,1784071500
2026-07-15 00:54:32.356253,1784076600
2026-07-15 04:06:02.137434,1784088300
2026-07-15 06:26:08.896337,1784096700
2026-07-15 08:56:05.475340,1784105700
2026-07-15 10:56:10.363147,1784112900
2026-07-15 12:19:34.945618,1784117700
2026-07-15 14:16:56.024479,1784124900
2026-07-15 15:55:33.106804,1784130900
2026-07-15 17:21:25.296286,1784136000
2026-07-15 18:36:17.604699,1784140500
2026-07-15 19:49:45.852538,1784144700
2026-07-15 20:48:37.733113,1784148300
2026-07-15 21:43:53.887811,1784151600
2026-07-15 22:42:53.164589,1784155200
2026-07-15 23:43:03.988146,1784158800
2026-07-16 01:10:19.194600,1784164200
2026-07-16 04:26:48.005329,1784175900
2026-07-16 07:03:11.932608,1784185200
2026-07-16 09:23:42.164300,1784193600
2026-07-16 11:17:01.756228,1784200500
2026-07-16 12:55:27.744217,1784206500
2026-07-16 15:05:50.109054,1784214300
2026-07-16 16:39:35.498565,1784219700
2026-07-16 17:52:34.235655,1784224200
2026-07-16 19:04:20.947939,1784228400
2026-07-16 20:09:37.952849,1784232300
2026-07-16 21:16:40.244064,1784236500
2026-07-16 22:26:09.798173,1784240700
2026-07-16 23:27:44.731496,1784244300
2026-07-17 01:05:21.284708,1784250300
2026-07-17 04:21:46.631999,1784262000
2026-07-17 06:35:54.839648,1784270100
2026-07-17 08:55:26.144854,1784278500
2026-07-17 10:50:36.681481,1784285400
2026-07-17 12:02:28.631494,1784289600
2026-07-17 13:59:10.349698,1784296500
2026-07-17 15:22:19.546623,1784301600
2026-07-17 16:39:31.658324,1784306100
2026-07-17 17:46:32.439834,1784310300
2026-07-17 18:44:44.176159,1784313600
2026-07-17 19:52:49.656579,1784317800
2026-07-17 20:51:26.000637,1784321400
2026-07-17 21:44:18.472772,1784324400
2026-07-17 22:34:26.773496,1784327400
2026-07-17 23:31:26.512577,1784331000
2026-07-18 01:02:37.444607,1784336400
2026-07-18 04:10:55.097257,1784347800
2026-07-18 06:20:02.179668,1784355600
2026-07-18 08:14:30.791551,1784362200
2026-07-18 09:49:25.324750,1784367900
2026-07-18 10:54:13.519158,1784371800
2026-07-18 11:53:18.373707,1784375400
2026-07-18 13:10:35.387208,1784380200
2026-07-18 14:31:46.420147,1784385000
2026-07-18 15:32:54.230959,1784388600
2026-07-18 16:33:10.942521,1784392200
2026-07-18 17:37:34.981404,1784396100
2026-07-18 18:36:33.591727,1784399700
2026-07-18 19:49:15.461683,1784403900
2026-07-18 20:35:05.152420,1784406900
2026-07-18 21:32:07.020594,1784410200
2026-07-18 22:28:35.061646,1784413500
2026-07-18 23:32:05.318366,1784417400
2026-07-19 01:06:21.609356,1784423100
2026-07-19 04:32:48.193440,1784435400
2026-07-19 07:11:08.563642,1784445000
2026-07-19 09:18:18.366186,1784452500
2026-07-19 10:48:16.055514,1784457900
2026-07-19 11:46:10.166054,1784461500
2026-07-19 12:41:23.355024,1784464800
2026-07-19 14:14:06.751686,1784470200
2026-07-19 15:25:59.702559,1784474700
2026-07-19 16:28:00.481334,1784478300
2026-07-19 17:33:46.064534,1784482200
2026-07-19 18:34:04.152152,1784485800
2026-07-19 19:49:20.999897,1784490300
2026-07-19 20:35:52.211264,1784493300
2026-07-19 21:32:53.169748,1784496600
2026-07-19 22:30:31.862818,1784500200
2026-07-19 23:34:06.281568,1784503800
2026-07-20 01:10:59.724740,1784509800
2026-07-20 04:53:59.608534,1784523000
2026-07-20 08:05:48.193212,1784534700
2026-07-20 11:11:06.415514,1784545800
2026-07-20 13:18:05.602798,1784553300
2026-07-20 15:24:04.338524,1784560800
2026-07-20 16:55:47.201465,1784566500
2026-07-20 18:56:33.287305,1784573700
2026-07-20 20:26:08.306350,1784579100
2026-07-20 21:45:00.161807,1784583900
2026-07-20 22:41:25.186681,1784587200
2026-07-20 23:42:06.170160,1784590800
2026-07-21 01:11:07.606476,1784596200
2026-07-21 04:33:54.931947,1784608200
2026-07-21 07:16:27.754463,1784618100
2026-07-21 09:45:06.350773,1784627100
2026-07-21 11:32:07.238557,1784633400
2026-07-21 13:01:40.791741,1784638800
2026-07-21 15:13:46.122480,1784646600
2026-07-21 16:46:57.538833,1784652300
2026-07-21 18:03:42.460723,1784656800
2026-07-21 19:47:28.417730,1784663100
2026-07-21 20:54:07.422566,1784667000
2026-07-21 22:03:35.052546,1784671200
2026-07-21 23:08:58.402080,1784675100
2026-07-22 00:06:56.076449,1784678700
2026-07-22 03:43:23.350985,1784691600
2026-07-22 06:16:43.214759,1784700900
2026-07-22 09:03:34.091963,1784710800
2026-07-22 11:16:59.674872,1784718900
2026-07-22 12:51:04.228252,1784724600
2026-07-22 14:58:57.823223,1784732100
2026-07-22 16:38:36.342903,1784738100
2026-07-22 17:53:29.371502,1784742600
2026-07-22 19:16:34.034565,1784747700
2026-07-22 20:37:49.573826,1784752500
2026-07-22 21:41:52.828595,1784756400
2026-07-22 22:43:37.586999,1784760000
2026-07-22 23:45:15.743603,1784763900
2026-07-23 01:17:32.831633,1784769300
2026-07-23 04:41:34.303486,1784781600
2026-07-23 07:21:22.071383,1784791200
2026-07-23 09:53:50.437724,1784800200
2026-07-23 11:50:15.392569,1784807400
2026-07-23 13:24:11.473577,1784812800
2026-07-23 15:31:16.383788,1784820600
2026-07-23 17:02:35.536191,1784826000
2026-07-23 18:21:03.559006,1784830800
2026-07-23 19:53:14.676931,1784836200
2026-07-23 21:02:29.426444,1784840400
2026-07-23 22:11:39.629648,1784844600
2026-07-23 23:13:16.483736,1784848200
2026-07-24 00:13:19.205687,1784851800
2026-07-24 03:47:43.056031,1784864700
2026-07-24 06:15:28.352723,1784873700
2026-07-24 08:46:42.951381,1784882700
2026-07-24 10:50:54.830598,1784890200
2026-07-24 12:14:13.226771,1784895000
2026-07-24 14:16:34.935721,1784902500
2026-07-24 15:49:23.482476,1784907900
2026-07-24 17:18:20.859046,1784913300
2026-07-24 18:52:07.945155,1784919000
2026-07-24 20:16:42.529696,1784924100
2026-07-24 21:32:39.908187,1784928600
2026-07-24 22:39:48.010162,1784932500
2026-07-24 23:44:30.587971,1784936400
2026-07-25 01:14:20.439900,1784941800
2026-07-25 04:32:33.675108,1784953800
2026-07-25 07:00:01.047777,1784962800
2026-07-25 09:07:54.851456,1784970300
2026-07-25 10:43:38.547210,1784976000
2026-07-25 11:51:59.199280,1784980200
2026-07-25 13:13:53.012620,1784985000
2026-07-25 14:43:03.825091,1784990400
2026-07-25 15:49:05.881048,1784994300
2026-07-25 16:41:33.594612,1784997600
2026-07-25 17:43:49.468392,1785001200
2026-07-25 18:42:21.265872,1785004800
2026-07-25 20:00:14.210959,1785009600
2026-07-25 21:04:59.066194,1785013200
2026-07-25 22:07:29.567482,1785017100
2026-07-25 23:11:17.468023,1785021000
2026-07-26 00:15:21.151731,1785024900
2026-07-26 04:01:56.751049,1785038400
2026-07-26 06:45:54.244506,1785048300
2026-07-26 09:04:46.382655,1785056400
2026-07-26 10:51:28.625206,1785063000
2026-07-26 11:57:30.497440,1785066900
2026-07-26 13:47:03.137804,1785073500
2026-07-26 14:53:49.099550,1785077400
2026-07-26 16:02:14.500068,1785081600
2026-07-26 17:12:09.181448,1785085800
2026-07-26 18:13:55.012756,1785089400
2026-07-26 19:39:06.149548,1785094500
2026-07-26 20:36:51.875451,1785098100
2026-07-26 21:37:49.893052,1785101700
2026-07-26 22:40:26.203020,1785105600
2026-07-26 23:42:23.347316,1785109200
2026-07-27 01:19:59.730198,1785114900
2026-07-27 05:01:59.388024,1785128400
2026-07-27 08:42:54.469579,1785141600
2026-07-27 11:59:48.995179,1785153300
2026-07-27 15:06:50.065069,1785164700
2026-07-27 17:06:21.166372,1785171900
2026-07-27 18:45:16.230553,1785177900
2026-07-27 20:10:16.551903,1785183000
2026-07-27 21:30:27.614885,1785187800
2026-07-27 22:37:35.401357,1785191700
2026-07-27 23:44:31.025791,1785195600
2026-07-28 01:08:57.561496,1785200700
2026-07-28 04:28:06.985483,1785212700
2026-07-28 07:18:25.486498,1785222900
2026-07-28 10:00:25.520323,1785232800
2026-07-28 12:06:18.275028,1785240300
2026-07-28 14:33:55.623344,1785249000
2026-07-28 16:20:44.550736,1785255600
2026-07-28 17:50:31.646771,1785261000
2026-07-28 19:08:49.598220,1785265500
2026-07-28 20:34:18.902166,1785270600
2026-07-28 21:44:52.973113,1785274800
2026-07-28 22:44:37.878935,1785278400
2026-07-28 23:44:22.679794,1785282000
2026-07-29 01:12:05.566722,1785287400
2026-07-29 04:33:21.774709,1785299400
2026-07-29 07:26:21.854069,1785309900
2026-07-29 10:11:14.689220,1785319800
2026-07-29 12:22:08.177730,1785327600
2026-07-29 14:39:33.384840,1785335700
2026-07-29 16:10:23.048106,1785341400
2026-07-29 17:39:14.568082,1785346500
2026-07-29 18:41:20.650608,1785350400
2026-07-29 20:02:53.298912,1785355200
2026-07-29 21:09:21.683843,1785359100
2026-07-29 22:13:24.327519,1785363000
2026-07-29 23:17:19.275992,1785366900
2026-07-30 00:15:43.069010,1785370500
2026-07-30 03:37:12.084757,1785382500
2026-07-30 06:12:16.962641,1785391800
2026-07-30 09:04:58.378535,1785402000
2026-07-30 11:18:57.700203,1785410100
2026-07-30 12:58:49.510273,1785416100
2026-07-30 15:18:59.241298,1785424500
2026-07-30 16:55:38.994562,1785430500
2026-07-30 18:19:42.930567,1785435300
2026-07-30 19:58:49.521388,1785441300
2026-07-30 21:19:24.245113,1785446100
2026-07-30 22:32:04.686290,1785450600
2026-07-30 23:36:58.635503,1785454500
2026-07-31 01:12:21.358213,1785460200
2026-07-31 04:44:58.140805,1785472800
2026-07-31 07:39:15.664966,1785483300
2026-07-31 10:17:13.449277,1785492900
2026-07-31 12:22:43.437637,1785500400
2026-07-31 14:57:11.314633,1785509700
2026-07-31 16:49:40.877672,1785516300
2026-07-31 18:14:05.926055,1785521400
2026-07-31 19:56:38.025414,1785527700
2026-07-31 21:13:58.513468,1785532200
2026-07-31 22:17:01.677074,1785536100
2026-07-31 23:27:03.673914,1785540300
2026-08-01 01:06:21.777179,1785546300
2026-08-01 04:33:49.643076,1785558600
2026-08-01 07:10:59.242482,1785568200
2026-08-01 09:22:22.347556,1785576000
2026-08-01 10:57:30.317313,1785581700
2026-08-01 12:04:34.157935,1785585600
2026-08-01 13:50:24.875381,1785592200
2026-08-01 14:51:38.376481,1785595800
2026-08-01 15:56:51.335818,1785599700
2026-08-01 17:08:02.695830,1785603900
2026-08-01 18:10:30.618948,1785607800
2026-08-01 19:35:24.880618,1785612900
2026-08-01 20:32:00.972434,1785616200
2026-08-01 21:29:45.460286,1785619500
2026-08-01 22:31:52.912958,1785623400
2026-08-01 23:34:10.563872,1785627000
2026-08-02 01:11:39.645187,1785633000
2026-08-02 04:41:15.447310,1785645600
2026-08-02 07:19:19.894703,1785654900
2026-08-02 09:28:15.741795,1785662700
2026-08-02 11:03:27.863370,1785668400
2026-08-02 12:11:56.668130,1785672600
2026-08-02 13:59:20.433829,1785678900
2026-08-02 15:11:50.533264,1785683400
2026-08-02 16:15:06.516362,1785687300
2026-08-02 17:27:24.221887,1785691500
2026-08-02 18:32:59.488267,1785695400
2026-08-02 19:48:46.940106,1785699900
2026-08-02 20:39:23.226503,1785702900
2026-08-02 21:37:53.681944,1785706500
2026-08-02 22:39:08.533335,1785710100
2026-08-02 23:42:31.872190,1785714000
2026-08-03 01:17:10.674731,1785719700
2026-08-03 04:52:31.170850,1785732600
2026-08-03 08:25:08.297518,1785745500
2026-08-03 11:57:10.560166,1785758100
2026-08-03 15:08:24.821161,1785769500
2026-08-03 17:18:56.151047,1785777300
2026-08-03 19:00:14.511327,1785783600
2026-08-03 20:36:51.239357,1785789300
2026-08-03 21:47:17.465359,1785793500
2026-08-03 22:44:39.573407,1785796800
2026-08-03 23:53:38.129758,1785801000
2026-08-04 02:28:35.540785,1785810300
2026-08-04 05:32:41.188753,1785821400
2026-08-04 08:05:28.818311,1785830700
2026-08-04 10:48:35.095132,1785840300
2026-08-04 12:50:07.452112,1785847800
2026-08-04 15:14:51.768068,1785856200
2026-08-04 17:07:52.391701,1785863100
2026-08-04 18:51:30.835837,1785869400
2026-08-04 20:20:09.627483,1785874800
2026-08-04 21:44:56.414539,1785879600
2026-08-04 22:47:02.179936,1785883500
2026-08-04 23:48:25.276096,1785887100
2026-08-05 01:10:55.642194,1785892200
2026-08-05 04:30:29.188794,1785904200
2026-08-05 07:19:38.466812,1785914100
2026-08-05 10:02:51.310899,1785924000
2026-08-05 12:10:38.487491,1785931800
2026-08-05 14:34:04.468661,1785940200
2026-08-05 16:19:00.373897,1785946500
2026-08-05 17:58:39.001418,1785952500
2026-08-05 19:48:15.428461,1785959100
2026-08-05 20:49:57.853366,1785962700
2026-08-05 22:04:38.166723,1785967200
2026-08-05 23:16:37.595782,1785971700
2026-08-06 00:14:19.293311,1785975000
2026-08-06 03:44:45.048765,1785987600
2026-08-06 06:17:34.845981,1785996900
2026-08-06 09:16:21.891798,1786007700
2026-08-06 11:36:40.690523,1786016100
2026-08-06 13:18:39.183833,1786022100
2026-08-06 15:34:55.751593,1786030200
2026-08-07 00:34:14.245521,1786062600
2026-08-07 03:36:26.409114,1786073700
2026-08-07 05:22:47.506444,1786080000
2026-08-07 06:43:46.039158,1786084800
2026-08-07 08:01:15.490949,1786089600
2026-08-07 09:11:56.772451,1786093800
2026-08-07 10:12:30.363495,1786097400
2026-08-07 11:09:32.301791,1786100700
2026-08-07 11:57:48.568037,1786103700
2026-08-07 13:21:39.685411,1786108800
2026-08-07 14:30:20.122562,1786113000
2026-08-07 15:29:00.305213,1786116300
2026-08-07 16:27:32.064256,1786119900
2026-08-07 17:26:27.652309,1786123500
2026-08-07 18:24:16.341761,1786126800
2026-08-07 19:29:35.217955,1786130700
2026-08-07 20:09:47.299136,1786133100
2026-08-07 20:59:10.785806,1786136100
2026-08-07 21:50:03.181968,1786139400
2026-08-07 22:24:05.395545,1786141200
2026-08-07 23:05:54.498472,1786143900
2026-08-07 23:46:17.220024,1786146300
2026-08-08 00:35:11.096891,1786149300
2026-08-08 02:34:13.261967,1786156200
2026-08-08 03:55:46.801620,1786161300
2026-08-08 05:03:02.571740,1786165200
2026-08-08 05:53:00.406861,1786168200
2026-08-08 06:48:27.346431,1786171500
2026-08-08 07:37:43.740535,1786174500
2026-08-08 08:21:05.037567,1786177200
2026-08-08 09:08:44.655764,1786179900
2026-08-08 09:53:55.119532,1786182600
2026-08-08 10:33:19.053430,1786185000
2026-08-08 11:04:26.257147,1786186800
2026-08-08 11:39:29.334991,1786188900
2026-08-08 12:02:34.427070,1786190400
2026-08-08 13:08:39.187534,1786194300
2026-08-08 13:56:37.564162,1786197300
2026-08-08 14:39:02.247255,1786199700
2026-08-08 15:04:45.107028,1786201200
2026-08-08 15:42:42.162744,1786203600
2026-08-08 16:11:55.884787,1786205400
2026-08-08 16:54:18.305566,1786207800
2026-08-08 17:31:02.637532,1786210200
2026-08-08 18:00:44.353513,1786212000
2026-08-08 18:52:52.148254,1786215000
2026-08-08 19:27:04.366588,1786217100
2026-08-08 19:56:29.271466,1786218900
2026-08-08 20:38:07.788228,1786221300
2026-08-08 21:04:48.782964,1786222800
2026-08-08 21:43:12.017056,1786225200
2026-08-08 22:10:22.373827,1786227000
2026-08-08 22:48:31.105487,1786229100
2026-08-08 23:14:21.009325,1786230600
2026-08-08 23:48:15.476268,1786232700
2026-08-09 00:37:47.209010,1786235700
2026-08-09 02:51:04.425095,1786243800
2026-08-09 04:11:56.201158,1786248600
2026-08-09 05:23:59.106457,1786252800
2026-08-09 06:07:56.794048,1786255500
2026-08-09 07:15:15.715490,1786259700
2026-08-09 08:05:03.820237,1786262700
2026-08-09 08:59:13.987954,1786265700
2026-08-09 09:50:55.881626,1786269000
2026-08-09 10:23:47.802973,1786270800
2026-08-09 11:01:58.399280,1786273200
2026-08-09 11:39:35.487819,1786275300
2026-08-09 12:03:37.617903,1786276800
2026-08-09 13:12:01.627343,1786281000
2026-08-09 14:00:51.576959,1786284000
2026-08-09 14:46:44.733441,1786286700
2026-08-09 15:16:19.407571,1786288500
2026-08-09 15:52:21.356312,1786290600
2026-08-09 16:28:56.915811,1786292700
2026-08-09 17:06:41.548218,1786295100
2026-08-09 17:46:11.963002,1786297500
2026-08-09 18:17:57.996397,1786299300
2026-08-09 19:07:58.006664,1786302300
2026-08-09 19:48:09.012410,1786304700
2026-08-09 20:15:30.466936,1786306500
2026-08-09 20:56:19.405543,1786308900
2026-08-09 21:38:59.813528,1786311300
2026-08-09 22:03:53.865744,1786312800
2026-08-09 22:46:12.527503,1786315500
2026-08-09 23:14:55.006045,1786317000
2026-08-09 23:51:16.487703,1786319400
2026-08-10 01:10:50.306708,1786324200
2026-08-10 03:18:54.371971,1786331700
2026-08-10 04:59:40.424097,1786337700
2026-08-10 06:17:49.882548,1786342500
2026-08-10 08:09:58.184233,1786349100
2026-08-10 09:48:37.310961,1786355100
2026-08-10 10:52:43.327557,1786359000
2026-08-10 11:43:59.363559,1786362000
2026-08-10 12:35:05.689335,1786365300
2026-08-10 14:03:47.738392,1786370400
2026-08-10 15:13:14.066605,1786374600
2026-08-10 16:11:00.608608,1786378200
2026-08-10 17:10:16.190930,1786381800
2026-08-10 18:04:06.417321,1786384800
2026-08-10 19:12:24.546786,1786389000
2026-08-10 20:03:47.987828,1786392000
2026-08-10 20:57:46.273956,1786395300
2026-08-10 21:51:19.859365,1786398600
2026-08-10 22:29:38.219932,1786400700
2026-08-10 23:08:52.540276,1786403100
2026-08-10 23:50:31.234965,1786405800
2026-08-11 01:01:27.425600,1786410000
2026-08-11 03:08:59.301686,1786417500
2026-08-11 04:40:04.725215,1786423200
2026-08-11 05:41:46.135593,1786426800
2026-08-11 06:38:54.246510,1786430100
2026-08-11 07:55:46.576376,1786434900
2026-08-11 09:04:22.423169,1786438800
2026-08-11 10:08:28.004552,1786442700
2026-08-11 11:04:12.279092,1786446000
2026-08-11 11:53:54.566292,1786449000
2026-08-11 13:04:34.207596,1786453200
2026-08-11 14:30:13.322216,1786458600
2026-08-11 15:31:46.709822,1786462200
2026-08-11 16:29:12.340112,1786465500
2026-08-11 17:32:14.985670,1786469400
2026-08-11 18:30:05.826668,1786473000
2026-08-11 19:39:57.381423,1786476900
2026-08-11 20:24:42.507218,1786479600
2026-08-11 21:22:26.329008,1786483200
2026-08-11 22:10:36.135468,1786486200
2026-08-11 23:04:27.968439,1786489200
2026-08-11 23:56:12.254585,1786492500
2026-08-12 02:24:19.262102,1786501200
2026-08-12 04:21:39.461984,1786508400
2026-08-12 05:52:31.579367,1786513800
2026-08-12 07:18:41.025046,1786518900
2026-08-12 08:43:25.642063,1786524000
2026-08-12 09:48:16.935718,1786527900
2026-08-12 10:45:52.585447,1786531500
2026-08-12 11:35:02.473323,1786534500
2026-08-12 12:30:21.557343,1786537800
2026-08-12 14:02:33.076811,1786543200
2026-08-12 15:10:12.708603,1786547400
2026-08-12 16:10:00.200168,1786551000
2026-08-12 17:13:16.574728,1786554600
2026-08-12 18:09:21.222102,1786557900
2026-08-12 19:21:23.458903,1786562400
2026-08-12 20:08:25.117878,1786565100
2026-08-12 21:02:31.913582,1786568400
2026-08-12 21:57:51.191684,1786571700
2026-08-12 22:52:33.355761,1786575000
2026-08-12 23:36:48.693436,1786577700
2026-08-13 00:43:26.669173,1786581600
2026-08-13 03:17:03.776390,1786590900
2026-08-13 05:13:17.801473,1786597800
2026-08-13 06:49:26.257841,1786603500
2026-08-13 08:09:13.209097,1786608300
2026-08-13 09:33:20.643037,1786613400
2026-08-13 10:41:31.808176,1786617600
2026-08-13 11:32:20.837759,1786620600
2026-08-13 12:29:14.329273,1786623900
2026-08-13 14:02:46.772582,1786629600
2026-08-13 15:10:46.059774,1786633800
2026-08-13 16:10:31.030608,1786637400
2026-08-13 17:14:16.350558,1786641000
2026-08-13 18:10:30.604414,1786644600
2026-08-13 19:26:31.300074,1786649100
2026-08-13 20:05:41.332928,1786651500
2026-08-13 21:00:27.319878,1786654800
2026-08-13 21:56:38.525263,1786658100
2026-08-13 22:52:19.356446,1786661400
2026-08-13 23:36:38.794443,1786664100
2026-08-14 00:42:37.419005,1786668000
2026-08-14 03:14:39.599677,1786677000
2026-08-14 05:09:18.604008,1786683900
2026-08-14 06:42:27.828778,1786689600
2026-08-14 08:02:54.982780,1786694400
2026-08-14 09:17:11.279401,1786698900
2026-08-14 10:28:52.258027,1786703100
2026-08-14 11:21:37.618217,1786706400
2026-08-14 12:05:19.207911,1786709100
2026-08-14 13:37:55.943811,1786714500
2026-08-14 14:38:53.488118,1786718100
2026-08-14 15:32:33.495209,1786721400
2026-08-14 16:28:12.933120,1786724700
2026-08-14 17:32:00.663944,1786728600
2026-08-14 18:29:11.280160,1786731900
2026-08-14 19:32:11.534280,1786735800
2026-08-14 20:06:59.412976,1786737900
2026-08-14 20:43:58.353417,1786740000
2026-08-14 21:10:09.092632,1786741800
2026-08-14 21:41:50.947649,1786743600
2026-08-14 22:01:04.842706,1786744800
2026-08-14 22:34:40.319548,1786746600
2026-08-14 22:57:10.220507,1786748100
2026-08-14 23:28:51.729488,1786749900
2026-08-14 23:52:53.973606,1786751400
2026-08-15 01:02:38.025923,1786755600
2026-08-15 02:18:21.009046,1786760100
2026-08-15 03:09:12.779263,1786763100
2026-08-15 03:53:52.915518,1786765800
2026-08-15 04:30:47.006401,1786768200
2026-08-15 04:59:30.172449,1786769700
2026-08-15 05:33:55.511891,1786771800
2026-08-15 05:57:38.647133,1786773300
2026-08-15 06:51:51.752241,1786776600
2026-08-15 07:25:47.011957,1786778700
2026-08-15 07:53:46.459165,1786780200
2026-08-15 08:27:46.892156,1786782300
2026-08-15 08:58:02.065931,1786784100
2026-08-15 09:33:45.174873,1786786200
2026-08-15 09:55:38.289247,1786787700
2026-08-15 10:26:58.697909,1786789500
2026-08-15 10:50:14.248185,1786791000
2026-08-15 11:10:31.110644,1786792200
2026-08-15 11:34:43.178333,1786793400
2026-08-15 11:54:13.608196,1786794600
2026-08-15 12:38:22.014217,1786797300
2026-08-15 13:17:19.542413,1786799700
2026-08-15 13:47:26.238140,1786801500
2026-08-15 14:08:15.849846,1786802700
2026-08-15 14:38:16.971321,1786804500
2026-08-15 14:58:50.349999,1786805700
2026-08-15 15:29:38.353664,1786807500
2026-08-15 15:51:03.540867,1786809000
2026-08-15 16:14:28.003737,1786810200
2026-08-15 16:44:58.598568,1786812000
2026-08-15 17:04:58.595524,1786813200
2026-08-15 17:32:45.074630,1786815000
2026-08-15 17:53:43.763193,1786816200
2026-08-15 18:28:24.004126,1786818300
2026-08-15 18:58:20.700132,1786820100
2026-08-15 19:28:11.877750,1786821900
2026-08-15 19:48:23.122920,1786823100
2026-08-15 20:02:58.183016,1786824000
2026-08-15 20:34:52.449243,1786825800
2026-08-15 20:56:58.666664,1786827300
2026-08-15 21:28:13.606047,1786829100
2026-08-15 21:48:53.671589,1786830300
2026-08-15 22:05:30.937580,1786831500
2026-08-15 22:35:33.921777,1786833300
2026-08-15 22:56:38.057882,1786834500
2026-08-15 23:27:03.421342,1786836300
2026-08-15 23:48:27.743063,1786837500
2026-08-16 00:25:53.406091,1786839900
2026-08-16 02:07:03.915327,1786845900
2026-08-16 03:12:01.665649,1786849800
2026-08-16 04:02:00.323416,1786852800
2026-08-16 04:46:19.827444,1786855500
2026-08-16 05:14:24.109352,1786857000
2026-08-16 05:47:28.117299,1786859100
2026-08-16 06:15:48.321795,1786860900
2026-08-16 07:04:30.423870,1786863600
2026-08-16 07:42:07.297368,1786866000
2026-08-16 08:02:09.231908,1786867200
2026-08-16 08:43:12.843852,1786869600
2026-08-16 09:11:11.046215,1786871400
2026-08-16 09:43:50.031369,1786873200
2026-08-16 10:02:14.918509,1786874400
2026-08-16 10:34:42.141852,1786876200
2026-08-16 10:56:58.280985,1786877700
2026-08-16 11:27:06.844318,1786879500
2026-08-16 11:48:36.773961,1786880700
2026-08-16 12:10:47.215941,1786882200
2026-08-16 13:02:04.397673,1786885200
2026-08-16 13:39:46.446115,1786887300
2026-08-16 13:59:54.739780,1786888500
2026-08-16 14:33:00.659282,1786890600
2026-08-16 14:55:55.456095,1786892100
2026-08-16 15:26:35.943134,1786893900
2026-08-16 15:49:02.098973,1786895100
2026-08-16 16:09:07.072568,1786896300
2026-08-16 16:42:27.368440,1786898400
2026-08-16 17:02:42.343481,1786899600
2026-08-16 17:30:41.076013,1786901400
2026-08-16 17:51:10.423934,1786902600
2026-08-16 18:17:35.345451,1786904100
2026-08-16 18:50:56.873562,1786906200
2026-08-16 19:15:10.861396,1786907700
2026-08-16 19:38:26.528667,1786908900
2026-08-16 19:54:29.318076,1786909800
2026-08-16 20:23:32.610865,1786911600
2026-08-16 20:47:11.122865,1786913100
2026-08-16 21:03:54.984206,1786914000
2026-08-16 21:31:52.933539,1786915800
2026-08-16 21:51:44.050676,1786917000
2026-08-16 22:14:21.223921,1786918200
2026-08-16 22:41:10.656640,1786920000
2026-08-16 22:58:48.974561,1786920900
2026-08-16 23:28:46.781723,1786922700
2026-08-16 23:49:06.306558,1786923900
2026-08-17 00:28:57.147727,1786926300
2026-08-17 02:06:03.801465,1786932300
2026-08-17 03:11:17.310772,1786936200
2026-08-17 04:04:16.065298,1786939200
2026-08-17 04:54:51.208002,1786942200
2026-08-17 05:36:26.564852,1786944900
2026-08-17 06:04:14.596924,1786946400
2026-08-17 07:13:16.734032,1786950600
2026-08-17 08:03:09.615454,1786953600
2026-08-17 08:56:30.555188,1786956900
2026-08-17 09:50:36.902889,1786960200
2026-08-17 10:22:35.074399,1786962000
2026-08-17 10:56:15.577861,1786964100
2026-08-17 11:31:47.537238,1786966200
2026-08-17 11:54:56.271320,1786967400
2026-08-17 12:48:55.504169,1786970700
2026-08-17 13:30:02.706327,1786973400
2026-08-17 14:03:34.064899,1786975200
2026-08-17 14:39:49.689400,1786977300
2026-08-17 15:02:21.981576,1786978800
2026-08-17 15:35:26.763195,1786980900
2026-08-17 15:57:06.732025,1786982100
2026-08-17 16:36:22.001954,1786984500
2026-08-17 17:01:25.350324,1786986000
2026-08-17 17:39:00.207264,1786988100
2026-08-17 18:03:00.582776,1786989600
2026-08-17 18:54:08.217928,1786992600
2026-08-17 19:28:37.165515,1786994700
2026-08-17 19:53:52.484835,1786996200
2026-08-17 20:26:33.874079,1786998300
2026-08-17 20:56:50.459750,1787000100
2026-08-17 21:30:08.460518,1787002200
2026-08-17 21:54:22.979783,1787003400
2026-08-17 22:24:49.342547,1787005200
2026-08-17 22:51:25.066649,1787007000
2026-08-17 23:16:32.028061,1787008500
2026-08-17 23:41:34.657573,1787010000
2026-08-18 00:00:34.861661,1787011200
2026-08-18 01:46:07.232452,1787017500
2026-08-18 02:43:48.344980,1787020800
2026-08-18 03:30:30.445108,1787023800
2026-08-18 04:17:48.367420,1787026500
2026-08-18 04:56:47.072076,1787028900
2026-08-18 05:36:14.976444,1787031300
2026-08-18 06:05:21.233949,1787033100
2026-08-18 06:59:09.896892,1787036100
2026-08-18 07:47:39.977565,1787039100
2026-08-18 08:18:23.067362,1787040900
2026-08-18 08:58:42.504911,1787043300
2026-08-18 09:42:17.964344,1787046000
2026-08-18 10:10:38.090213,1787047800
2026-08-18 10:47:35.109952,1787049900
2026-08-18 11:12:15.879048,1787051400
2026-08-18 11:43:43.447603,1787053200
2026-08-18 12:13:58.283668,1787055000
2026-08-18 13:12:24.086681,1787058600
2026-08-18 13:58:39.728242,1787061300
2026-08-18 14:43:30.383859,1787064000
2026-08-18 15:14:57.658932,1787065800
2026-08-18 15:50:36.530275,1787068200
2026-08-18 16:20:28.008684,1787070000
2026-08-18 16:55:11.803281,1787072100
2026-08-18 17:30:27.974642,1787074200
2026-08-18 17:57:40.014355,1787075700
2026-08-18 18:50:03.145995,1787079000
2026-08-18 19:20:27.785857,1787080800
2026-08-18 19:46:23.130484,1787082300
2026-08-18 20:01:47.960090,1787083200
2026-08-18 20:35:28.085660,1787085300
2026-08-18 20:58:21.766072,1787086500
2026-08-18 21:31:47.005727,1787088600
2026-08-18 21:53:29.889833,1787089800
2026-08-18 22:21:33.590043,1787091600
2026-08-18 22:48:09.825073,1787093100
2026-08-18 23:09:10.468715,1787094300
2026-08-18 23:36:32.918530,1787096100
2026-08-18 23:57:07.959049,1787097300
2026-08-19 01:45:20.952211,1787103900
2026-08-19 02:45:01.144029,1787107500
2026-08-19 03:33:10.310344,1787110200
2026-08-19 04:19:23.254083,1787112900
2026-08-19 04:58:26.003010,1787115300
2026-08-19 05:38:24.197793,1787117700
2026-08-19 06:02:13.427254,1787119200
2026-08-19 07:01:19.834587,1787122800
2026-08-19 07:48:58.884635,1787125500
2026-08-19 08:20:17.610519,1787127600
2026-08-19 09:01:38.055965,1787130000
2026-08-19 09:44:41.160539,1787132400
2026-08-19 10:12:22.285572,1787134200
2026-08-19 10:48:20.661930,1787136300
2026-08-19 11:11:46.172588,1787137800
2026-08-19 11:42:52.139987,1787139600
2026-08-19 12:03:20.585498,1787140800
2026-08-19 13:05:30.845102,1787144700
2026-08-19 13:55:12.703740,1787147700
2026-08-19 14:37:31.159407,1787150100
2026-08-19 15:06:19.765556,1787151900
2026-08-19 15:44:08.041157,1787154000
2026-08-19 16:12:58.028470,1787155800
2026-08-19 16:49:52.335099,1787157900
2026-08-19 17:17:07.900162,1787159700
2026-08-19 17:45:36.396410,1787161500
2026-08-19 18:12:11.951689,1787163000
2026-08-19 18:55:39.257842,1787165700
2026-08-19 19:29:57.440583,1787167500
2026-08-19 19:53:48.903110,1787169000
2026-08-19 20:26:33.060443,1787171100
2026-08-19 20:56:01.896972,1787172900
2026-08-19 21:30:35.240205,1787175000
2026-08-19 21:54:57.019606,1787176200
2026-08-19 22:27:20.663256,1787178300
2026-08-19 22:53:25.825559,1787179800
2026-08-19 23:20:43.165070,1787181600
2026-08-19 23:44:07.647605,1787182800
2026-08-20 00:01:49.504754,1787184000
2026-08-20 01:47:44.213871,1787190300
2026-08-20 02:45:09.591799,1787193900
2026-08-20 03:33:16.180891,1787196600
2026-08-20 04:19:05.044432,1787199300
